Tweet,EVENT,GENERALIZING_SENTENCE,GENERIC_SENTENCE,IMPERATIVE,QUESTION,REPORT,STATE,labels_for_settingA
"things are so much easier as friends .",0.0,0.0,1.0,0.0,0.0,0.0,0.0,1
"please help us build a #4charity following.  .",0.75,0.0,0.0,0.25,0.0,0.0,0.0,1
"would rather a guy be straight up about wanting fwb than leading a girl on and shit .",0.0,0.0,0.0,0.0,0.0,0.0,1.0,0
" dude. that guy is like...the bounty hunter among bounty hunters. i can see why ya fell for someone that badass.",0.3043478260869565,0.0,0.0,0.0,0.0,0.0,0.6956521739130435,1
"i luv . everyone tell her happy birthday.",0.0,0.0,1.0,0.0,0.0,0.0,0.0,1
" all i see is ass and boobs do you see it? .",0.0,0.0,0.5555555555555556,0.3333333333333333,0.0,0.0,0.1111111111111111,0
" -__- ok. im finally here. bout to log in! .",0.0,0.0,1.0,0.0,0.0,0.0,0.0,1
" love that is casually texting on the red carpet.",0.0,0.0,1.0,0.0,0.0,0.0,0.0,1
"my real inspiration .",0.0,0.0,0.0,0.0,0.0,0.0,1.0,1
"during college i'm so motivated then i get home and i'm like nahhh tv shows .",0.0,0.0,0.4,0.0,0.0,0.0,0.6,1
"i need to get the fuck out of my house .",0.0,0.0,0.0,0.0,0.0,0.0,1.0,0
"every time i have a dream about you all the pain comes back. and it feels so incredibly real. #forevermissingyou .",0.0,0.3684210526315789,0.3157894736842105,0.0,0.0,0.0,0.3157894736842105,0
" you're in bd right? oh hope things are fine. ..",0.0,0.0,1.0,0.0,0.0,0.0,0.0,1
" truly. madly. deeply need a new album from you. please. with a chika cherry cola on top.",0.0,0.0,0.0,0.0,0.0,0.0,1.0,1
"mt : winner of 2013 waterwise conservation award was tracy bouvette. #cww13 .",0.0,0.0,0.0,0.0,0.0,0.0,1.0,1
" there is!! it's nice to know people are here for me. <kiss> .",0.0,0.0,0.0,0.0,0.0,0.0,1.0,1
"had the best time now it's the worst time..but we have to say goodbye .",0.0,0.0,0.0,0.0,0.0,0.0,1.0,0
"i feel like i have run out of things to say about #blacklivesmatter and other people are doing a better job of discussing it than i could .",0.0,0.0,0.5217391304347826,0.0,0.0,0.0,0.4782608695652174,0
" i hope to shoot one this summer i didn't get drawn last year so hopefully this year i will .",0.0,0.0,0.0,0.0,0.0,0.0,1.0,1
" or. just stop watching. that is all they are interested in - viewing figures! .",0.1111111111111111,0.0,0.0,0.2222222222222222,0.0,0.0,0.6666666666666666,0
"oh happy day! #soulmates .",0.0,0.0,0.0,0.0,0.0,0.0,1.0,1
" goodnight baee! you made my day go from 0 to 100 real quick love you so much .",1.0,0.0,0.0,0.0,0.0,0.0,0.0,1
"gooood morning and happy tuesday!!!!!! you can say what you want about yoda. but he is master teacher when it...",0.0,0.0,0.0,0.0,0.0,0.0,1.0,1
"managed to escape a master hangover #fresh .",1.0,0.0,0.0,0.0,0.0,0.0,0.0,0
" when i watch yeldon run. he seems like a perfect fit for the colts offense .",0.0,0.0,0.0,0.0,0.0,0.0,1.0,1
"i feel for the oppressed. the marginalized. the abused. everyone in this country needs to stand with black people against police brutality.",0.0,0.0,1.0,0.0,0.0,0.0,0.0,1
"practice what you preach u acting nice on tha internet but in rl ur mean as hell ???? .",0.0,0.0,0.0,0.05882352941176471,0.0,0.0,0.9411764705882352,0
"fell asleep at half 7 last night and that's me just woke up. wow #tiredlittlegirl .",0.8461538461538461,0.0,0.0,0.0,0.0,0.0,0.15384615384615385,0
"rip tyler. you'll be missed. thanks for being a part of one of the best summers i've had! .",0.0,0.0,0.0,0.0,0.0,0.0,1.0,0
" stop no one knows you stupid whore .",0.0,0.0,0.0,0.14285714285714285,0.0,0.0,0.8571428571428571,0
" happy belated birthday .",0.0,0.0,1.0,0.0,0.0,0.0,0.0,1
" it's not even a t shirt.. oh well .",0.0,0.0,0.0,0.0,0.0,0.0,1.0,0
"is it nice out? .",0.0,0.0,0.0,0.0,0.0,0.0,1.0,1
"&amp; like the worst part is we're all going down our tl &amp; know exactly what eachother's tweets are about #fuckedup .",0.0,0.0,0.0,0.0,0.0,0.0,1.0,0
"the worst thing is when i hear/see ignore the people and their hateful words... what do you do when those words come from your own mind?? .",0.5769230769230769,0.0,0.0,0.0,0.15384615384615385,0.1153846153846154,0.15384615384615385,0
"got too . its too late #raw  : this triple threat match gonna end in interference or some bullshit .",0.0,0.0,0.0,0.0,0.0,0.0,1.0,0
"so basically what im trying to say is. don't ask me for my exam review lol .",0.16666666666666666,0.0,0.0,0.5,0.0,0.0,0.3333333333333333,0
" deep useless crap more like .",0.0,0.0,0.0,0.0,0.0,0.0,1.0,0
" getting ready to drive to great falls and hop on the plane at 6am !! .",0.0,0.0,1.0,0.0,0.0,0.0,0.0,1
" that looks bomb. also i know coffee is a natural laxative! i'm not trying to shit my pants either.",0.0,0.0,0.21052631578947367,0.0,0.0,0.0,0.7894736842105263,0
" *lingers in corner with an awkward face* .",0.0,0.0,0.0,0.0,0.0,0.0,1.0,0
"i just need to say thank you to all of you. everyone who messaged me/tweeted me was very nice - that is greatly appreciated.",0.09090909090909093,0.0,0.0,0.0,0.0,0.0,0.9090909090909092,1
"studying fashion isn't as fun as it sounds.",0.0,0.0,0.0,0.0,0.0,0.0,1.0,0
" powerless and i don't care it's obvious. i just can't get enough of you....",0.0,0.0,0.0,0.0,0.0,0.0,1.0,1
"young and open girl who wants to create a strong family. in that there is harmony and idyl...",0.3888888888888889,0.0,0.0,0.0,0.0,0.0,0.6111111111111112,1
"#sagittarius are not a fan of bullshit.",0.0,0.0,0.0,0.0,0.0,0.0,1.0,1
"cause baby you're awesome .",0.0,0.0,0.0,0.0,0.0,0.0,1.0,1
"i'm not a fan of 1d but i like their songs. and zayn is my bae there since i heard of 1d. but now. idk. i love 1d (w/ zayn ofc).",0.125,0.0,0.0,0.0,0.0,0.0,0.875,1
"empty tarmac of the airport specifically designed to destroy wild life.",0.0,0.0,0.0,0.0,0.0,0.0,1.0,0
"lmao! foreal dawg think about it.. : lmao wtf bruh : guys.... choice condoms are coated in hiv hey...",0.0,0.0,1.0,0.0,0.0,0.0,0.0,0
" bro...you better chill before me and my team have to roll out on you.",0.38461538461538464,0.0,0.0,0.0,0.0,0.0,0.6153846153846154,0
" i love you .",0.0,0.0,0.0,0.0,0.0,0.0,1.0,1
"cause sometimes i wanna say fuck the world and fuck you.",0.0,0.0,0.0,1.0,0.0,0.0,0.0,0
"smiling is the best way to face any problem. to crush every fear and to hide every pain.",0.0,0.0,0.0,0.0,0.0,0.0,1.0,1
" sigh i remember back when i gave a shit about my hair. that's a luxury in itself my friend.",0.42105263157894735,0.0,0.0,0.0,0.0,0.0,0.5789473684210527,0
"if im gonna eat somebody. might as well be you <cool> .",0.0,0.0,1.0,0.0,0.0,0.0,0.0,1
"oh-my we're so losing #votetrismtv .",1.0,0.0,0.0,0.0,0.0,0.0,0.0,0
" i think most people are not appreciating your name enough. had to put it out there .",0.0,0.0,0.0,0.0,0.0,0.0,1.0,0
"raw was a 7/10 for me. thought there were a few matches that were outstanding. segments were perfected the right way as well. #rawlondon .",0.3478260869565217,0.0,0.0,0.0,0.0,0.0,0.6521739130434783,1
" *is only an inch taller* #shortpeopleproblems .",0.0,0.0,1.0,0.0,0.0,0.0,0.0,1
"glad to know that it's going to be in the mid 20s in vienna next week. turn for some sun and heat #vienna2015 .",0.0,0.0,0.0,0.6666666666666666,0.0,0.0,0.3333333333333333,1
" guys calm down. it's all okay. this is multiculturalism.",0.375,0.0,0.0,0.0,0.0,0.0,0.625,1
"that tweet led me to look up what the americans had won. wow. big gap between widespread acclaim and emmy snubs.  .",0.5833333333333334,0.0,0.0,0.0,0.0,0.0,0.4166666666666667,1
"i feel like randomly getting belligerent drunk rn ............ wtf is wrong with me.",0.0,0.0,1.0,0.0,0.0,0.0,0.0,0
"... holy fuck i just beat the first enemy that's supposed to kill you .",0.0,0.0,0.0,0.0,0.0,0.0,1.0,0
" if anyone makes a move on her. pretty sure he'd throw them into space. like he did to lobo in batmansuperman .",0.3181818181818182,0.0,0.0,0.0,0.0,0.0,0.6818181818181818,0
" sending love#light# blessings to your beautiful kid..",1.0,0.0,0.0,0.0,0.0,0.0,0.0,1
"the beautful #heidiklum looks flawless in #versace.",1.0,0.0,0.0,0.0,0.0,0.0,0.0,1
" sign me up.",0.0,0.0,0.0,1.0,0.0,0.0,0.0,1
"how's the presentation going?  .",0.0,0.0,0.0,0.0,0.0,0.0,1.0,1
"star wars day: may the fourth be with you .",0.0,0.0,1.0,0.0,0.0,0.0,0.0,1
"im a dribbling mess ive just finished reading the fault in our stars and mum threw tissues at me and told me its a book get over it smh .",0.6666666666666666,0.0,0.0,0.0,0.0,0.08333333333333333,0.25,0
"no waving goodbye to your friends .",1.0,0.0,0.0,0.0,0.0,0.0,0.0,0
"your favourite song out right now? .",0.0,0.0,1.0,0.0,0.0,0.0,0.0,1
" bangbang title i agree n then it shud b tu hai from mr.x .",0.0,0.0,0.0,0.0,0.0,0.0,1.0,1
"ut better have killer bats mt : all unemployed team rotation: chris young. kevin correia. roberto hernandez. joe saunders. zito.",0.0,0.0,1.0,0.0,0.0,0.0,0.0,0
" fucking paul jesus christ lmao no you dickhead. if you must know i like getting caressed behind the ear like a cat i'm weird ok .",0.0,0.0,0.0,0.0,0.0,0.0,1.0,0
"well.i guess i really deserved this night-off myself after yesterday and today..so i'mma listen to the other awaited cd from  .",0.0,0.0,0.0,0.0,0.0,0.0,1.0,1
"that's not the really bad part though. the really bad part is that i'm deeper in the red each paycheck .",0.0,0.0,0.4,0.0,0.0,0.0,0.6,0
" you dont need to provoke them. they just do shit anyway .",0.0,0.0,1.0,0.0,0.0,0.0,0.0,0
"ugly ducking celebs: i can't believe taylor swift used to look like this! .",0.0,0.0,0.0,0.0,0.0,0.0,1.0,0
" im so scared of your rubbing man .",0.0,0.0,0.0,0.0,0.0,0.0,1.0,0
"this song is so good though it's really goo d i'm glad .",0.0,0.0,0.0,0.0,0.0,0.0,1.0,1
"i want city to win. chelsea going up too far will switch of the interest in league. btw epl is always fascinating in respect for top 4 spots .",0.0,0.0,0.8181818181818182,0.0,0.0,0.0,0.18181818181818185,1
"paparazzi dogged on him for a long ass time and he kept everything hush hush. how is he a fame whore? because he had one interview? .",0.36,0.0,0.0,0.0,0.0,0.0,0.64,0
" lol yea good thing .",0.0,0.0,0.0,0.0,0.0,0.0,1.0,1
"new sleater kinney and belle and sebastian albums streaming on npr first listen today. 1998 is going to be the best year ever! .",0.0,0.0,0.2,0.0,0.0,0.0,0.8,1
" the pure joy on his face is priceless.",0.0,0.0,0.0,0.0,0.0,0.0,1.0,1
"however. i am smiling as it could always be worse. could be rovers. pne. blackpool. leeds(!). superior... #twitterclarets .",0.25,0.0,0.0,0.0,0.0,0.0,0.75,0
"i hate wearing my jordans to school... i just don't want them to get messed up!! <skeptical> .",0.0,0.0,0.0,0.0,0.0,0.0,1.0,0
" to the police? we weren't bitten so i don't think it'd be taken that seriously. i'm not sure where they live either.",0.0,0.0,0.0,0.0,0.0,0.0,1.0,0
"what do the magnets on our fridges say about us? and does anyone have any serious fridge magnets? #moo .",0.0,0.0,0.0,1.0,0.0,0.0,0.0,0
"i always find the tick tock slogan rather creepy and threatening. but at the least the nats are giving fair warning .",0.5,0.0,0.0,0.0,0.0,0.0,0.5,0
"an evening of burritos and lush. perfection .",0.0,0.0,0.0,0.0,0.0,0.0,1.0,1
" stop i am the quote queen!!! this is where i let out vengeance in the world! i'm a delight on facebook and instagram haha xx .",0.3076923076923077,0.0,0.0,0.0,0.0,0.0,0.6923076923076923,1
"thanks . just feel i'd groove w so many peeps on here. it's a shame 2 me we're so quick 2 call names/use our intellects 2 skewer.",0.0,0.0,0.0,0.3461538461538461,0.0,0.0,0.6538461538461539,0
"when you think someone likes you .",0.0,0.0,1.0,0.0,0.0,0.0,0.0,1
"you can't live your life for other people. you've got to do what's right for you. even if it hurts some people you love.",0.0,0.0,0.0,0.0,0.0,0.0,1.0,1
"nothing like finding out you've been being lied too by someone you trust.",0.0,0.0,0.0,0.0,0.0,0.0,1.0,0
"140 characters in twitter is not enough to type in how much i love food #10thingsilove .",0.0,0.0,1.0,0.0,0.0,0.0,0.0,1
" ya so i'm getting lots of tweet noises lol how goes things ur way ?? .",0.0,0.0,0.2608695652173913,0.043478260869565216,0.0,0.0,0.6956521739130435,1
" how are you? beside that zayn shit .",0.0,0.0,0.0,0.0,0.0,0.0,1.0,0
"politicize your child's imagination; encourage them to imagine a world in which citizens are not reduced to wage-slaves.",0.0,0.0,0.4444444444444444,0.5555555555555556,0.0,0.0,0.0,1
"love this royal message from ellen! .",0.0,0.0,1.0,0.0,0.0,0.0,0.0,1
"very glad to hear sami zayn got his shot. seeing him live was my personal highlight of my first wwe show last year.",0.0,0.0,0.0,0.0,0.0,0.0,1.0,1
" nothing like looking at your workout schedule and realizing it's leg day... #onlegdayswewearpink #fitpals #riseandgrind .",0.0,0.0,0.0,0.0,0.0,0.0,1.0,0
"status: losing by 55k from tweets + 54k from site = 109k .",0.0,0.0,0.0,0.0,0.0,0.0,1.0,0
" a week! that's amazing. keep it up!! always here if you need a chat. i'm ok thank you <happy> <kiss> .",0.0,0.0,0.0,0.2777777777777778,0.0,0.0,0.7222222222222222,1
" perhaps influencing that younger generation to embrace their own beauty... a hopeful thought.",1.0,0.0,0.0,0.0,0.0,0.0,0.0,1
"sam jhst followedsns me .",0.0,0.0,0.0,1.0,0.0,0.0,0.0,1
"i do feel a little better about myself reading the unmitigated jackassery of people thinking today is the earth's birthday. help  .",0.0,0.0,0.0,0.047619047619047616,0.0,0.0,0.9523809523809524,1
" keep that tomato crap away from that pristine sandwich.... only way to make it better is to go &gt;1 cheese...",0.0,0.0,0.9523809523809524,0.047619047619047616,0.0,0.0,0.0,0
"feels good to have glasses again. my eyes have been needing them.",0.0,0.0,0.0,0.0,0.0,0.0,1.0,1
"i miss my family <sad> .",0.0,0.0,0.0,0.0,0.0,0.0,1.0,0
"the less i see or hear your name the less it hurts .",0.2857142857142857,0.0,0.0,0.0,0.0,0.0,0.7142857142857143,0
" i love your bag!! .",0.0,0.0,0.0,0.0,0.0,0.0,1.0,1
" i have no idea. but i'm lost following their rules of time and space. #notesnotincluded .",0.0,0.0,0.0,0.0,0.0,0.0,1.0,1
" *salutes* what's up my friend ? .",0.0,0.0,0.0,0.0,1.0,0.0,0.0,1
" such a good song .",0.0,0.0,0.0,0.0,0.0,0.0,1.0,1
"100% worn out after today. 3 toes are bleeding lmao! walked my feet off quite literally .",0.75,0.0,0.25,0.0,0.0,0.0,0.0,0
"proper hooked on to breaking bad now .",1.0,0.0,0.0,0.0,0.0,0.0,0.0,0
"dissonance 101: a gentle introduction to schoenberg. webern and berg .",0.0,0.0,0.0,1.0,0.0,0.0,0.0,0
"i understand that the defense has been on the field for a long time. but that is no excuse for these terrible tackles! .",0.0,0.0,0.0,0.0,0.0,0.0,1.0,0
"gives you hell is my life story. <happy> .",0.5,0.0,0.0,0.0,0.0,0.0,0.5,0
"mama kata krja dpt duit banyak nnti design pelamin sndiri. buat lah mcmana nk hahahah .",0.0,0.0,1.0,0.0,0.0,0.0,0.0,1
"unfollow here n there .",0.0,0.0,0.0,0.0,0.0,0.0,1.0,0
"a true serenity and pureness of yourself. a cheerful mind. it is the strong mind that passes through many difficulties. be strong &amp; certain.",0.0,0.0,1.0,0.0,0.0,0.0,0.0,1
" smh day day needa just drop out and go back to the hood he stay in trouble .",0.0,1.0,0.0,0.0,0.0,0.0,0.0,0
"so much blood this shit hurts .",1.0,0.0,0.0,0.0,0.0,0.0,0.0,0
" it really was lmfao im glad my first time was w y'all i wasnt trying to go to sleep .",0.2631578947368421,0.0,0.0,0.0,0.0,0.0,0.7368421052631579,1
"wow just realized today is the official start of fall .",1.0,0.0,0.0,0.0,0.0,0.0,0.0,1
"if you walk the footsteps of a stranger. you'll learn something new.",0.0,0.0,1.0,0.0,0.0,0.0,0.0,1
"how'd i miss this 2 wks ago? uk govt fintech review .",0.0,0.0,0.0,0.3333333333333333,0.0,0.0,0.6666666666666666,1
" he's has a sub par season for his standards but he's still a good goalkeeper. re: 2014 world cup .",0.0,0.0,0.0,0.0,0.0,0.0,1.0,1
"i just introduced my mum to emojis and she looked at me like i'd given her the meaning of life .",0.5789473684210527,0.0,0.0,0.0,0.0,0.0,0.42105263157894735,1
"still can't wrap my head around that dream from last night. like really. what the fuck. ._.",0.0,0.0,0.0,0.0,0.0,0.0,1.0,0
" i like leitch but this piece is mega-stoopid .",0.0,0.0,0.0,0.0,0.0,0.0,1.0,0
" (a day or two has past by. she approaches the officer with hands that are soaked in blood.. her outfit seemed off and the -- .",0.4583333333333333,0.0,0.20833333333333331,0.0,0.0,0.0,0.3333333333333333,0
" you you you!!!!!!!!!!! aaaahhhhhh!!!!!!!! hahahahahahahahhahahaahah gerald wtf .",0.0,0.0,0.0,0.0,0.0,0.0,1.0,0
" i agree!they would. too.that's y i like having rd. ld-it can't get confused w/anything else! .",0.0,0.0,0.0,0.0,0.0,0.0,1.0,1
"morning by myself just dropped mom off at work bout to hit #legym driving alone ^_^ .",1.0,0.0,0.0,0.0,0.0,0.0,0.0,1
"my first proper. up-close view of london's #shard. looks great .",0.0,0.0,0.0,0.75,0.0,0.0,0.25,1
" that's right!.... smile (my dear kim hyun joong). it will all pass anyway. just hang on and keep the faith. <happy> .",0.0,0.0,0.0,0.4615384615384616,0.0,0.0,0.5384615384615384,1
" what the hell?? looks like someone needs to grow up .",0.0,0.0,0.8571428571428571,0.0,0.0,0.0,0.14285714285714285,0
"i wish i didn't have such a big gut so my kenma shorts looked better on me <skeptical> .",0.0,0.0,0.0,0.0,0.0,0.0,1.0,0
"i eat like i weigh 411 lbs .",0.0,0.0,0.5714285714285714,0.42857142857142855,0.0,0.0,0.0,1
"i havent even left for school yet and im already crying great .",0.0,0.0,0.0,0.0,0.0,0.4166666666666667,0.5833333333333334,0
"2 corinthians 3:4 such is the confidence that we have through christ toward god. #bible .",0.0,0.0,1.0,0.0,0.0,0.0,0.0,0
" agreed! is missing out on all the fun today. bad day for vacation. <happy> .",0.1111111111111111,0.0,0.0,0.0,0.0,0.0,0.8888888888888888,1
"sad day. but hv to act happy.",0.0,0.0,0.0,0.0,0.0,0.0,1.0,0
"the thing is that i'm scared cause i know that as soon as i lose my self-control it ain't gonna end pretty .",0.0,0.0,0.28,0.12,0.0,0.0,0.6,0
"life is a series of ups and downs. like a roller coaster ride that you were forced to get on by your douchebag friends.",0.0,0.0,0.3043478260869565,0.21739130434782608,0.0,0.0,0.4782608695652174,1
" i wonder how they are notifying winners .",1.0,0.0,0.0,0.0,0.0,0.0,0.0,1
"killing myself because matt was in miami and i didn't know about this .",0.0,0.0,0.4545454545454545,0.0,0.0,0.0,0.5454545454545454,0
"smh i'm just blinded by love i ain't see the shit coming .",0.0,0.0,0.0,0.0,0.0,0.0,1.0,0
"it's amazing the things people say to me at work. i'm always astounded by condescending attitudes people walk in with.",0.0,0.0,0.5454545454545454,0.0,0.0,0.2727272727272727,0.18181818181818185,0
"i laugh and then stop and be like .",0.0,0.0,0.0,1.0,0.0,0.0,0.0,1
"my bun is a good 4 inches taller than my head right now.",0.0,0.0,0.0,0.0,0.0,0.0,1.0,1
"i hate seeing leaning uggs .",0.6,0.0,0.0,0.0,0.0,0.0,0.4,0
" please follow x117 .",0.0,0.0,0.0,1.0,0.0,0.0,0.0,1
" lol he surely is! i think these two are so famous that ppl end up blaming good or bad all on them .",0.3,0.0,0.0,0.0,0.0,0.0,0.7,0
"why didn't the vikings run around a lot. even for losses. on 1st &amp; 2nd to now be able to do same and end game? .",0.0,0.0,0.0,0.0,0.6923076923076923,0.0,0.3076923076923077,0
"listen carefully.. pay attention not to what is being said. but to what is not being said rather .",0.0,0.0,0.0,0.3076923076923077,0.4615384615384616,0.2307692307692308,0.0,1
"jeez. is nathan ok? .",0.0,0.0,0.0,0.0,0.0,0.0,1.0,1
"from if your hr department overlooks the importance of this key role. it could cost you .",0.0,0.0,0.0,0.0,0.0,0.0,1.0,0
"wait how do you do the star war emojis .",0.0,0.0,0.0,0.1111111111111111,0.0,0.0,0.8888888888888888,1
"lmao! my horoscope for today (may 1st) is unreal....",0.0,0.0,0.0,0.0,0.0,0.0,1.0,0
" you know... if me and my f-friends could weaken the lord of the underworld himself.. we can handle her...",0.0,0.0,0.0,0.0,0.0,0.0,1.0,1
" instead of bad plain steak try a steak pizzaoila or a homemade mongolian beef it is much better!!!!!! .",0.0,0.0,0.0,0.75,0.0,0.0,0.25,1
"let me love you .",0.0,0.0,0.0,0.25,0.0,0.0,0.75,1
"a change of directions is completely possible so stay flexible. keep an open mind and have faith in what is taking place. #newperspective .",0.0,0.0,0.0,0.4736842105263158,0.0,0.0,0.5263157894736842,1
"honestly. i'm surprised it's taken this long to do this. i've had this ipad for a year.",0.0,0.0,0.0,0.0,0.0,0.0,1.0,0
"life can be scrambled. over easy or sunny side side up....your choice! ~ #dtn #sunny .",0.0,0.0,1.0,0.0,0.0,0.0,0.0,1
" mannys personal physician says so. so it must be true...",0.0,0.0,0.0,0.0,0.0,0.0,1.0,1
"so every loss i took. i knew to strike again .",0.5,0.0,0.0,0.0,0.0,0.0,0.5,1
". so rocks... paying dartford crossing charge on my phone on m25 was super easy (nb: i'm not driver/at wheel) .",0.0,0.0,0.0,0.0,0.0,0.0,1.0,1
" it's good. not perfect. but well worth a watch.",0.0,0.0,0.0,0.0,0.0,0.0,1.0,1
"#clevelandcavaliers #cavs on instagram please follow .",0.0,0.0,0.0,1.0,0.0,0.0,0.0,1
"for a movie about animates animals. the lion king really speaks to me on an emotional level .",0.0,0.0,0.0,0.0,0.0,0.0,1.0,1
"flight attendant serenades passengers with 'royals.' wins praise from  .",0.0,0.0,1.0,0.0,0.0,0.0,0.0,1
" foreal like i've been teaching for years lol .",0.0,0.0,1.0,0.0,0.0,0.0,0.0,1
"i hate critical people and have deleted them all. so now my facebook is all happy nice people. which can be so irritating!! i think it's me.",0.0,0.0,0.0,0.0,0.0,0.0,1.0,0
"love these girls!!! miss you!!! jacqui agostinelli tracie williams shelia barreto.. special friends!!! <kiss> .",0.0,0.0,0.0,0.0,0.0,0.0,1.0,1
"wont trust a hoe .",0.0,0.0,0.0,0.0,0.0,0.0,1.0,0
"lmao farrah and this toolbag. she's so desperate. #teenmomog .",0.0,0.0,0.0,0.5714285714285714,0.0,0.0,0.42857142857142855,0
" cheers! hope it's a good game but think some1 else will be reporting; i'm mainly news but help out sport at wkends .",0.0,0.0,0.16666666666666666,0.04166666666666666,0.0,0.0,0.7916666666666666,1
"boris johnson: free travel for university students in full time education .",0.0,0.0,0.0,0.0,0.0,0.0,1.0,1
"a blessed new year to everyone .",1.0,0.0,0.0,0.0,0.0,0.0,0.0,1
"the fact that he'll get $180 million from this fight is crazy .",0.0,0.0,0.0,0.0,0.0,0.0,1.0,0
" girl we were talking about her face and how scary it was when she does that .",0.0,0.26666666666666666,0.0,0.0,0.0,0.0,0.7333333333333333,0
"...friends who appreciated that.",0.0,0.0,0.0,0.0,0.0,0.0,1.0,1
"being an adult is difficult.",1.0,0.0,0.0,0.0,0.0,0.0,0.0,0
" aw stopp lol .",0.0,0.0,1.0,0.0,0.0,0.0,0.0,1
" happy new year shannon! can't believe it's already the 7th- .",0.0,0.0,0.0,0.0,0.0,0.0,1.0,1
"that might have been the best meal i ever had.",0.0,0.0,0.0,0.0,0.0,0.0,1.0,1
"whattttt that rapper tink is 17 or did i read wrong ?!? .",0.0,0.0,0.0,0.3333333333333333,0.0,0.0,0.6666666666666666,0
" hope you have a fantastic weekend!!! .",0.0,0.0,0.0,0.0,0.0,0.0,1.0,1
": in the end..",0.0,0.0,0.0,0.0,0.0,0.0,1.0,0
" yea i know you are but i've kinda ignored this year... at least we have more trophies than real since you got ronaldo! .",0.17391304347826084,0.0,0.0,0.0,0.0,0.0,0.8260869565217391,1
"don't talk to me like you only met me when we've known each other for quite some time aldy fuck .",0.2272727272727273,0.0,0.0,0.2272727272727273,0.0,0.0,0.5454545454545454,0
"feel extremely sick rn which isnt good because my family have a sick bug so chances are im going to get it.. yay .",0.0,0.0,1.0,0.0,0.0,0.0,0.0,0
"i have honestly never been in a food fight .",0.0,0.0,0.0,0.0,0.0,0.0,1.0,1
"please . tell me again that you won't raise taxes? i didn't quite get it the first 3 million times #abvote #abvoteglobal .",0.0,0.0,0.0,0.13636363636363635,0.0,0.0,0.8636363636363636,0
"you can't make everyone happy <happy> but if you have a jar of nutella i'm pretty sure you can make yourself <happy> #quote .",0.0,0.0,0.0,0.0,0.0,0.0,1.0,1
" i love this show .",0.0,0.0,0.0,0.0,0.0,0.0,1.0,1
"number 1 hun .",1.0,0.0,0.0,0.0,0.0,0.0,0.0,1
" oh i cut my hair a few months ago. my picture is outdated. cause my hair is a centimeter long now .",0.0,0.0,0.0,0.05263157894736842,0.0,0.0,0.9473684210526316,0
"i done miss school so many times. whats da point of even trying with it..",0.0,0.0,0.0,0.0,0.0,0.0,1.0,0
"i love #exo saranghae #callmebaby .",0.0,0.0,0.0,0.0,0.0,0.0,1.0,1
"happy new week x you have so much happiness you can share with the world - embrace it #behappy #bekind #smile <kiss> .",0.0,0.0,0.0,0.14285714285714285,0.0,0.0,0.8571428571428571,1
" opening it repeatedly and at first glance they still look like black socks. there's no clothing i put past golfers.",0.17647058823529413,0.5294117647058824,0.0,0.0,0.0,0.0,0.29411764705882354,0
"this best-mum-ever just bought two giant tubs of ice cream. #staycation #ldnont .",0.0,0.0,0.0,0.0,0.0,0.0,1.0,1
" always an excellent choice. always.",0.0,1.0,0.0,0.0,0.0,0.0,0.0,1
" i'd be pretty intrigue to hear what his comments are of the kc food scene.",0.0,0.0,0.4,0.0,0.0,0.0,0.6,1
"2% even tho my shit is on the charger i really hate my phone .",0.0,0.0,0.0,0.0,0.0,0.0,1.0,0
"#teamfuckatshirt then we fuck her t shirt !!! pt 3 4/20/2015 .",0.0,0.0,0.0,1.0,0.0,0.0,0.0,0
"i'm playing the bubble game while watching the pens game. sue me.",0.0,0.0,0.8461538461538461,0.15384615384615385,0.0,0.0,0.0,0
" -them as charities that deserve patronage just cause they exist. or something.",0.0,0.0,0.7142857142857143,0.0,0.0,0.0,0.2857142857142857,0
"the best feeling in the world is knowing you actually mean something to someone.",0.0,0.0,1.0,0.0,0.0,0.0,0.0,1
"gratulera til organisation for the prohibition of chemical weapons - nobels #fredspris takere  .",0.0,0.0,0.0,0.0,0.0,0.0,1.0,1
"#cancer's can often get wrapped up in whatever is going wrong in life. but that have a good side. u usually dont change your opinion.",0.0,0.0,0.32,0.12,0.0,0.0,0.56,1
"i never have so much hatred towards someone .",1.0,0.0,0.0,0.0,0.0,0.0,0.0,0
"what are the chances that zach and gray will be as great as tim and lex? slim to none? .",0.0,0.0,0.0,0.0,0.0,0.0,1.0,0
" do you ever think about leaving people alone?! .",0.0,0.0,0.0,0.0,1.0,0.0,0.0,0
"always remember. god will never take anything away from you without the intention of replacing it with something much better.",0.0,0.0,0.10526315789473684,0.0,0.0,0.0,0.8947368421052632,1
"so proud of my #wmu greeks! ato looked great on fox 17 this morning with their campus campout! it's always a great day to be a bronco! .",0.0,0.0,0.0,0.0,0.0,0.0,1.0,1
" wow great minds think alike .",0.0,0.0,1.0,0.0,0.0,0.0,0.0,1
"*eats foods i'm allergic to but does it really quickly to pretend it won't affect me* *gets affected anyway* .",0.0,0.0,1.0,0.0,0.0,0.0,0.0,0
" things that we ought to get upset about can't wedge their way in to the petty drama.",0.0,0.0,0.0,0.05882352941176471,0.0,0.0,0.9411764705882352,1
"my shoulder is distracting????? i'm sorry people's b.o. is what is really distracting .",0.0,0.35714285714285715,0.5,0.0,0.0,0.0,0.14285714285714285,0
"climate change action on campus! join today 4 event planning @ 4:30 + trivia @ 5:30 - ev1 courtyard!  .",0.0,0.0,0.7222222222222222,0.0,0.0,0.0,0.2777777777777778,1
"i'm waiting for taylor swift to like some awesome thing about ot4 on tumblr after she did the last rumble .",0.2222222222222222,0.0,0.0,0.0,0.0,0.0,0.7777777777777778,1
" i'm with whoopi all the way sunny ay be from the hood bu she still doesn't know what shes talking about.",0.0,0.0,0.0,0.0,0.7,0.0,0.3,0
"happy birthday to our friend. . wishing you another fabulous year! .",0.0,0.0,0.0,0.0,0.0,0.0,1.0,1
" my internet is the fucking best not my fault your link is shit .",0.0,0.0,0.0,0.0,0.0,0.0,1.0,0
"reasonably-priced cars girls love - .",0.0,0.0,0.0,1.0,0.0,0.0,0.0,1
" wow. it's like i wasn't even there.",0.0,0.0,0.1111111111111111,0.0,0.0,0.0,0.8888888888888888,1
" but. i actually love emma and don't want her to die though.",0.0,0.0,0.0,0.0,0.0,0.0,1.0,1
" so.. wanna ruin some peoples lifes...? .",0.0,0.0,1.0,0.0,0.0,0.0,0.0,0
"it's mad how instagram doesn't take down these kind of images .",0.0,0.0,0.0,0.0,0.0,0.0,1.0,0
"that's the shit they never see .",0.0,1.0,0.0,0.0,0.0,0.0,0.0,0
"so u can ficking murder them .",0.0,0.0,1.0,0.0,0.0,0.0,0.0,0
" well isn't that great news! fair play to her! tph grads keeping the parchment industry afloat.",0.0,0.0,0.0,0.0,0.0,0.0,1.0,1
" you think so fam? i'm trying to find a pair i like.",0.5384615384615384,0.0,0.0,0.0,0.0,0.0,0.4615384615384616,1
"raptors are going to win .",0.0,0.0,1.0,0.0,0.0,0.0,0.0,1
" prestigious title in wwe. i think brock winning hurts him but if reigns wins he'll cash in successfully.",0.2857142857142857,0.0,0.0,0.0,0.0,0.0,0.7142857142857143,1
"what do you call a fake noodle? an impasta.",0.0,0.0,0.0,0.0,1.0,0.0,0.0,1
"so tired and sure i had readin for tmo fml .",0.0,0.0,0.0,0.0,0.0,0.0,1.0,1
"hashtag i'll never be good enough for you so as long as you're happy that's as much as i can ever hope for .",0.0,0.0,0.0,0.0,0.0,0.0,1.0,1
" i hate u .",0.0,0.0,0.0,0.0,0.0,0.0,1.0,0
"estoy enamorado pero mis errores me dejaron soltero .",0.0,0.0,0.0,0.0,0.0,0.0,1.0,0
" when will you start giving away #joecarter memorabilia? .",0.5,0.0,0.0,0.0,0.5,0.0,0.0,0
"here at a birthday party baking in the sun .",0.0,0.0,0.0,0.0,0.0,0.0,1.0,0
"woop woop it's friday!!! yay .",0.0,0.0,0.0,0.4,0.0,0.0,0.6,1
" books from the library are fair game imo but gravelly stuff? it's not cricket .",0.0,0.0,1.0,0.0,0.0,0.0,0.0,1
"you are valuable and irreplaceable. if you are ever told otherwise. do not believe it.",0.0,0.0,0.0,0.0,0.0,0.0,1.0,1
" i'm ugly wyd .",0.0,0.0,0.0,0.0,0.0,0.0,1.0,0
"(there's kind of same ending in carpe jugulum with granny. and i think the one in cj is stronger? b/c societally sharper) #discworldreread .",0.3,0.0,0.0,0.0,0.0,0.0,0.7,0
" the last two define you alright .",0.0,0.0,0.0,0.0,0.0,0.0,1.0,1
"im officially done with my fuck up of a life all i do is make ppl hate me .",0.0,0.0,0.0,0.14285714285714285,0.0,0.0,0.8571428571428571,0
"ha. hahahaha. hahahahaha so over everything.",0.0,0.0,0.0,0.0,0.0,0.0,1.0,1
" so it's a question of what kind of lineups and madness of all the things to try and got in.",0.15789473684210525,0.0,0.0,0.0,0.0,0.0,0.8421052631578947,1
" check out this great suite at hermitage bay! .",0.0,0.0,0.0,1.0,0.0,0.0,0.0,1
" you're /so/ lucky i like you or i would splash you again in stead of kissing you she smiled against his lips as she spoke .",0.24242424242424246,0.0,0.0,0.0,0.0,0.0,0.7575757575757576,1
" you need lessons from millie she loves going in the car. rattle keys ears up n ready to go!will attempt to tweet pics tmoz <happy> .",0.0,0.0,0.0,0.16,0.0,0.0,0.84,1
"literally have no strength anymore .",0.0,0.0,0.0,0.0,0.0,0.0,1.0,0
" that's alright. i appreciate it! .",0.0,0.0,0.0,0.0,0.0,0.0,1.0,1
" anyone who smiles all the time is either in a cult. insane. or a fraud. what i'm saying is that we should work to always==&gt; .",0.16,0.0,0.44,0.0,0.0,0.0,0.4,0
"there is not any kind of permanently solid matter. all is vibration. and the vibration appears to our senses as something solid.",0.0,0.0,0.0,0.0,0.0,0.0,1.0,1
"#sagittarius make great teachers. musicians. writers. and comedians.",0.0,0.0,0.2,0.0,0.0,0.0,0.8,1
" you in austin??! .",0.0,0.0,0.0,0.0,0.0,0.0,1.0,0
" u changed ur @ again why i liked bangedcash .",0.5555555555555556,0.0,0.0,0.0,0.0,0.0,0.4444444444444444,1
" we love u man <happy-tears> .",0.0,0.0,0.0,0.0,0.0,0.0,1.0,1
"a friend is someone who understand your past. believes in your future. and accepts you today just the way you are.",0.0,0.0,0.0,0.0,0.0,0.0,1.0,1
"remember im not a twitter follower....",0.0,0.0,0.0,0.0,0.0,0.0,1.0,0
"#budget2015 #auspol so you wanna fix the budget? well. make all welfare a loan... easy - all fixed. waiting for consultancy fee.............",0.0,0.0,0.25,0.375,0.0,0.0,0.375,1
"on god. i'm not doing shit. i'll eat my own hands off before i do.",0.0,0.0,0.0,0.0,0.0,0.0,1.0,0
"so proud of our very own sweat cardio dedicated member for earning this award! liz simmons placed 1st placed in...",0.10256410256410256,0.0,0.0,0.0,0.0,0.0,0.8974358974358975,1
"lol someone tell me a drug dealer in snellvile.",1.0,0.0,0.0,0.0,0.0,0.0,0.0,0
" feels like heaven when you take me in your arms .",0.4444444444444444,0.0,0.0,0.0,0.0,0.0,0.5555555555555556,1
"when you're invisible to everyone and your friend is getting hit on by freshman literally right next to you. the joys of first period loolll .",1.0,0.0,0.0,0.0,0.0,0.0,0.0,1
"do i get an amen? i love my life.",0.0,0.0,0.0,0.0,0.0,0.0,1.0,1
"and now i'm scared. i'm on the verge of passing out and the pain is the only thing keeping me awake. would love for some help right now.",0.0,0.0,0.0,0.0,0.0,0.0,1.0,0
"you wish you could be footloose and fancy-free today. yet you ... more for leo .",0.0,0.0,0.0,0.0,0.0,0.0,1.0,1
"need a blunt pleeeease ...",0.0,0.0,0.0,1.0,0.0,0.0,0.0,0
"#sagittarius are very optimistic in every situation.",0.0,0.0,1.0,0.0,0.0,0.0,0.0,1
" for smoking weed everyday? yes i'm guilty .. i just don't understand the 'coward' part <skeptical> .",0.0,0.0,0.0,1.0,0.0,0.0,0.0,0
" yeah. we set the usher up. our stories match. his hands are shaking. grandpa needs a nap &amp; we get paid.",0.5294117647058824,0.0,0.4705882352941176,0.0,0.0,0.0,0.0,1
"rich homies mixtape is fireee .",0.0,0.0,0.0,0.0,0.0,0.0,1.0,0
" you're v v v v v cute and one of my favs ily .",0.0,0.0,0.0,0.0,0.0,0.0,1.0,1
"i feel like such a hack for really loving this weird system for productivity. but it's doing amazing things for me.",0.0,0.0,0.0,0.0,0.0,0.0,1.0,1
"gotta love these people.",0.0,0.0,1.0,0.0,0.0,0.0,0.0,1
"about to sleep and tired and sad and i lost my laptop it was with me for like 3 whole years. shit. anyway .",0.5,0.0,0.0,0.0,0.0,0.0,0.5,0
" yep. didn't even come for nanas birthday .",0.0,0.0,0.0,0.0,0.0,0.0,1.0,0
"report: unnamed redskins player criticizes rgiii (via .",0.0,0.0,0.0,1.0,0.0,0.0,0.0,0
"motivation!! thanks  .",0.0,0.0,0.0,0.0,1.0,0.0,0.0,1
"nothing like having the one person you thought you disappointed heavily call you to tell you that you didn't and that they treasure you.",0.17391304347826084,0.0,0.0,0.0,0.0,0.0,0.8260869565217391,1
"#worldcup2014 will never be as exciting as it could without  .",0.0,0.0,0.0,0.0,0.0,0.0,1.0,0
"having a serious relapse in my recovery and i only have six days until a level exams. nice timing rebecca <happy> .",0.0,0.0,0.0,0.0,0.0,0.0,1.0,1
" lol its only been like 2 months uno .",0.0,0.0,0.0,0.125,0.0,0.0,0.875,0
" how nice from a scale of 1-10 .",1.0,0.0,0.0,0.0,0.0,0.0,0.0,1
"antisemitism is not a prop to be used in debates on rhetoric and theory. it's a very tangible issue for a lot of people. treat it as such.",0.0,0.0,1.0,0.0,0.0,0.0,0.0,0
"sums up pretty much all of our conversations.  .",0.0,0.0,0.0,0.0,0.0,0.0,1.0,0
" why am i friends with u ppl .",0.0,0.0,0.0,0.0,1.0,0.0,0.0,0
"well.... they say you learn something new every day <tease> haha  .",0.0,0.8333333333333334,0.16666666666666666,0.0,0.0,0.0,0.0,1
"sobrang nakakatalino ng fm. not just mentally (in an alternative. ideal world i would've taken a communications course) #forevermoreligaw .",0.0,0.0,0.0,0.26666666666666666,0.0,0.0,0.7333333333333333,0
"thanks all for coming out to the stream! i'll be doing another one tonight at 6pm cst! .",0.0,0.0,0.0,1.0,0.0,0.0,0.0,1
"paper talk: west ham eye hernandez: west ham are reportedly interested in javier hernandez. while burnley...",0.0,0.0,1.0,0.0,0.0,0.0,0.0,1
"the only type of morning that i enjoy. #nightowl .",0.0,0.0,1.0,0.0,0.0,0.0,0.0,1
"which pretty much matches me. i have a lot of aries in my chart... its disgusting.",0.0,0.0,0.0,0.0,0.0,0.0,1.0,0
"awk moment when you need to pee so bad and you are wearing an effing romper...",0.0,0.0,0.0,0.0,0.0,0.0,1.0,0
" please look at this it's not mine but it's amazing x47 .",0.0,0.0,0.0,0.2,0.0,0.0,0.8,1
"i liked a video from  .",0.0,0.0,0.0,0.0,0.0,0.0,1.0,1
"i hate whiskey but i love whiskey .",0.0,0.0,0.0,0.0,0.0,0.0,1.0,1
" love that! student involvement to the max! #edteach .",0.0,0.0,0.0,0.0,0.0,0.0,1.0,1
"#vautour - jolly good...",0.0,0.0,0.0,0.0,0.0,0.0,1.0,1
" awwww did your guy manny lose!!! stop crying. man up .",0.0,0.0,0.0,1.0,0.0,0.0,0.0,0
"hate is a strong word .",0.0,0.0,0.0,0.25,0.0,0.0,0.75,0
" that would be excellent - definitely something to think about. excited! all depends on our schedule + cost. though .",0.0,0.0,0.0,0.0,0.0,0.0,1.0,1
" in my day uoc chem was good. not outstanding but we still had a few brilliant lecturers. and we and prof jno visiting  .",0.0,0.0,0.0,0.0,0.0,0.0,1.0,1
"me- why does she want to be me so bad mom- idk. but she's still ugly. lmao .",0.0,0.0,0.0,0.0,0.5,0.0,0.5,0
"damn they been a block away from doing that since last game #smh .",0.0,0.0,0.0,0.18181818181818185,0.0,0.0,0.8181818181818182,0
"if you could see how things were going to work out or see how god was gonna fix things.god wouldn't be asking you to trust him! .",0.0,0.0,0.0,0.0,0.0,0.0,1.0,1
" zayn tweet a selfie please .",0.0,0.0,0.0,1.0,0.0,0.0,0.0,1
"scar was so grimey...just like niggas these days .",0.0,0.0,0.0,0.0,0.0,0.0,1.0,0
"still waiting for this...#whereareyou #soulmate #love #wordporn #quotes #quotestoliveby whiteelephantsandmagic .",0.0,0.0,0.0,0.0,0.0,0.0,1.0,0
" lol nigga trippin paranoid and shit .",0.0,0.0,0.0,0.0,0.0,0.0,1.0,0
"why did i stop listening to a day to remember this song is great #ifitmeansalottoyou .",0.0,0.0,0.0,0.0,0.2857142857142857,0.0,0.7142857142857143,1
"i hate my life so much. i'm so done .",0.0,0.0,0.0,0.0,0.0,0.0,1.0,0
"whataburger sounds good right about now .",0.0,0.0,0.0,0.0,0.0,0.0,1.0,1
" is this me ??? haha .",0.0,0.0,0.0,0.0,1.0,0.0,0.0,1
" hahahahhaa yessss obviously .",0.0,0.0,0.0,0.0,0.0,0.0,1.0,1
"the new sampha and drake track is surprisingly good. but then sampha is great on every track .",0.0,0.0,0.0,0.0,0.0,0.0,1.0,1
"i'm so done. i hate my life.",0.0,0.0,0.0,0.0,0.0,0.0,1.0,0
" got what ive seen this picture like 500 freaking times .",0.1,0.0,0.0,0.0,0.0,0.0,0.9,1
"encourage your child to express their creativity in political and social terms.",1.0,0.0,0.0,0.0,0.0,0.0,0.0,1
"dad: i know it's wrong for a parent to have favorites. but you're my favorite daughter.",0.0,0.0,0.0,0.0,0.0,0.0,1.0,1
" hahaha i never went to ghs! (wish i did tho) .",0.4166666666666667,0.5,0.0,0.0,0.0,0.0,0.08333333333333333,1
" been pretty successful across europe and on university campuses globally. worth taking a chance in to too! #eyesonthestreet .",0.42857142857142855,0.0,0.5714285714285714,0.0,0.0,0.0,0.0,1
"it is difficult to talk about myself. because only people from outside can see me objectiv...",0.0,0.0,0.0,0.0,0.0,0.0,1.0,0
"90210. cookies and milkshake in bed #perfect .",0.0,0.0,0.0,0.0,0.0,1.0,0.0,1
" lol none of us won... awk .",0.0,0.0,0.0,0.0,0.0,0.0,1.0,0
"i know sharing makes you feel alive which is funny cuz you dont know it yet but youre already dead .",0.0,0.0,0.8947368421052632,0.0,0.0,0.0,0.10526315789473684,0
"en route to sheffield. hogging a table seat to myself. exciteeeeeeed .",0.0,0.0,0.0,1.0,0.0,0.0,0.0,1
"they just wanna fuck my lil bucket up. just got rear ended .",0.2857142857142857,0.0,0.0,0.0,0.0,0.0,0.7142857142857143,0
"fuck my eye like cyborg aldy .",0.0,0.0,0.0,1.0,0.0,0.0,0.0,0
"we're just two lost souls .",0.2,0.0,0.0,0.0,0.0,0.0,0.8,1
" yup. i can't hate that.",0.0,0.0,0.0,0.0,0.0,0.0,1.0,1
"if more people understood me the way understands me then i would have a lot more friends.",0.0,0.0,0.0,0.0,0.0,0.0,1.0,1
" =d awwww u should be here to take me around nanu <love> .",0.0,0.0,1.0,0.0,0.0,0.0,0.0,1
"i hope he is doing good at his tournament :3 .",0.0,0.0,0.0,0.0,0.0,0.0,1.0,1
" they managed to report glasgow chaos!!!! no surprise from msm.",1.0,0.0,0.0,0.0,0.0,0.0,0.0,0
"lol. ivorian coupe decale mostly doesn't have lyrics. it's 3 minutes shout outs and the 2 minutes onomatopoeia. i mean hardcore onomatopoeia .",0.0,0.0,0.0,0.0,0.0,0.0,1.0,0
" unfortunately we are not getting to know any of them really. fed up with the perez show. so have stopped watching.",0.2857142857142857,0.0,0.0,0.0,0.0,0.0,0.7142857142857143,0
"good evening #shropshirehour the are having a little xmas party for all our friends ... <happy> x #thankyou .",0.0,0.0,0.0,0.0,0.0,0.0,1.0,1
"some of these cooks at miami are so rude .",0.0,0.0,0.0,0.0,0.0,0.0,1.0,0
"why would anyone announce their pregnancy via text? as these responses show. it's probably not a good idea! .",0.2222222222222222,0.0,0.0,0.0,0.4444444444444444,0.0,0.3333333333333333,0
"i've had an exponential-decay calculator tab open in chrome for a week or so. #geekproblems .",0.0,0.0,0.0,0.0,0.0,0.0,1.0,1
"whos laughing now .",1.0,0.0,0.0,0.0,0.0,0.0,0.0,0
"oh and there's already a substantial #calgaryexpo line for your #innerspace panel! (no pressure)  .",0.0,0.0,0.0,0.0,0.0,0.0,1.0,0
"aaron hernandez found guilty of 1st degree murder n sentenced to life without the possibility of parole. he shuda got 25 yrs instead  .",0.1935483870967742,0.0,0.0,0.0,0.0,0.0,0.8064516129032258,0
"my darling is getting her vaccines today!!!! #singlemom .",0.0,0.0,0.0,0.0,0.0,0.0,1.0,1
" best team lost .",1.0,0.0,0.0,0.0,0.0,0.0,0.0,0
". if nicola said we will not seek another referendum for a generation. we could all make peace. this is what i seek.",0.0,0.0,0.0,0.0,0.0,0.13636363636363635,0.8636363636363636,1
"#sagittarius have the lowest bs tolerance.",0.0,0.0,1.0,0.0,0.0,0.0,0.0,0
" i have so much feels for you man. you will shake dust out of your personal belongings for years after you leave.",0.14285714285714285,0.0,0.0,0.0,0.0,0.0,0.8571428571428571,1
"like at least make them realise that you're there no matter what?? .",0.0,0.0,0.0,0.42857142857142855,0.0,0.0,0.5714285714285714,1
"season. turning loss. #nyr .",0.0,0.0,0.0,0.0,0.0,0.0,1.0,0
" really? cause it kind of seems like you picked up the debate indirectly. i was just asking rhetorical questions.",0.7222222222222222,0.0,0.0,0.05555555555555555,0.0,0.0,0.2222222222222222,0
"home made simple's patrick brown shares what makes a happy home .",1.0,0.0,0.0,0.0,0.0,0.0,0.0,1
"#sagittarius likes to keep it fresh.",0.0,0.0,0.0,0.0,0.0,0.0,1.0,1
"remember me why should i still use the college address when actually i don't give much fucks about it...",0.0,0.0,0.9,0.0,0.1,0.0,0.0,0
" you know this might back fire and we love it. look at the secret adversary. you just never know! .",0.0,0.0,0.0,0.2777777777777778,0.0,0.0,0.7222222222222222,1
"its not who you're looking to for help. but who god will bring into your life #favour .",0.0,0.0,0.0,0.0,0.0,0.0,1.0,1
"have your freaking one month back .",0.0,0.0,0.0,1.0,0.0,0.0,0.0,1
"toff has bad skin .",0.0,0.0,1.0,0.0,0.0,0.0,0.0,0
"great line up this morning. with a full set of amazing subs.",0.0,0.0,0.0,0.0,0.0,0.0,1.0,1
"i'm in a free now but i'm too tired to do any work so i'm just sat here playing tetris wow i'm cool .",0.0,0.0,0.9166666666666666,0.0,0.0,0.0,0.08333333333333333,1
"bobby: i'm sorry. if you care.",0.0,0.0,0.0,0.0,0.0,0.0,1.0,1
"#followfriday: please retweet #4h2o. as we build our #4charity following. #ff .",0.6363636363636364,0.0,0.0,0.3636363636363637,0.0,0.0,0.0,1
"i'm not ready for this.",0.0,0.0,0.0,0.0,0.0,0.0,1.0,0
"people take life way too seriously .",0.0,1.0,0.0,0.0,0.0,0.0,0.0,0
"this hurts. a lot. i just want it to stop. please.",0.25,0.0,0.0,0.0,0.0,0.0,0.75,0
" lions must be the dirtiest team in the league. cunts .",0.0,0.0,1.0,0.0,0.0,0.0,0.0,0
"detailed report by #imb on harmondsworth prison. this kind of detail and presentation would be welcome in #ireland.",0.0,0.0,0.0,0.0,0.0,0.0,1.0,1
" the marketing for star wars is great because they're showing us a lot of cool stuff without showing us anything.",0.6842105263157895,0.0,0.0,0.0,0.0,0.0,0.3157894736842105,1
"i'm all alone and no one cares.",0.0,0.0,0.0,0.0,0.0,0.0,1.0,0
" good reports! one correction though - zemlak is still injured so daly played.",0.0,0.0,1.0,0.0,0.0,0.0,0.0,0
" bwahaha .. buti kung ganon talaga! .",0.0,0.0,1.0,0.0,0.0,0.0,0.0,1
"lol i'll treat you the way you treat me! but sometimes i might not cause i ain't a scum to drop down to your level really!! i'll ignore!! .",0.0,0.0,0.3125,0.0,0.0,0.0,0.6875,0
"i am thankful... and i am happy! .",0.0,0.0,0.0,0.0,0.0,0.0,1.0,1
"well that certainly clears things up.",1.0,0.0,0.0,0.0,0.0,0.0,0.0,1
"a bulletproof vest for babies?! i'm not even surprised. it's kanye.",0.0,0.0,0.0,0.0,0.0,0.0,1.0,0
"only a few more days before my iphone 4 bursts into flames and self-destructs when the new iphone 5 is released...",0.0,1.0,0.0,0.0,0.0,0.0,0.0,0
"lib dem bloke lost his deposit by all accounts...",1.0,0.0,0.0,0.0,0.0,0.0,0.0,0
" definitely gonna try .. this one is gonna be rough though .",0.0,0.0,0.0,0.0,0.0,0.0,1.0,0
" it's pretty postmodern too. frame the picture. sell as art.",0.0,0.0,0.0,0.0,0.0,0.0,1.0,1
"chugged a liter of chocolate milk. my stomach is now reminding me that it was a bad idea..",0.7058823529411765,0.0,0.0,0.0,0.0,0.0,0.29411764705882354,0
" haha. you drew the same conclusion as me... yes. it wouldn't surprise me at all! .",0.0,0.0,0.0,0.0,0.0,0.0,1.0,1
"but what if louis and zayn are talking to each other rn and telling jokes to each other .",0.0,0.0,0.0,0.0,0.0,0.0,1.0,1
"i need to stop asking mfs to do shit for me .",0.6363636363636364,0.0,0.0,0.0,0.0,0.0,0.3636363636363637,0
"i still can't believe it okay.",0.0,0.0,0.0,0.0,0.0,0.0,1.0,1
" thought you might appreciate this...",0.0,0.0,0.0,0.0,0.0,0.0,1.0,1
" wow u go gorl .",0.0,0.0,1.0,0.0,0.0,0.0,0.0,1
"not saying i'm albert einstein but i can't be doing with stupid people..",0.0,0.0,0.0,0.0,0.0,0.0,1.0,0
" wow i guess the nc state educations really is paying off so far .",0.0,0.0,0.7692307692307693,0.0,0.0,0.0,0.2307692307692308,1
"free shipping on friday july 17th from gold canyon candles .",0.0,0.0,0.0,0.0,0.0,0.0,1.0,1
"beautiful evening at one enchanted evening fundraiser last night. proud to support all the good work this organization does! .",1.0,0.0,0.0,0.0,0.0,0.0,0.0,1
"if i don't know what u taste like r we rlly friends .",0.0,0.0,0.38461538461538464,0.0,0.0,0.0,0.6153846153846154,0
"there's a boy in my english class that distracts me by breathing and i daydream about making out w him a lot .",0.68,0.0,0.0,0.0,0.0,0.0,0.32,1
" are you serious....",0.0,0.0,0.0,0.0,1.0,0.0,0.0,0
" - from him. however..she fought it. ..o..okay. okay. but..don't come any closer. please.. it was a plea. less a request.",0.2727272727272727,0.0,0.0,0.0,0.0,0.0,0.7272727272727273,1
" there's no reason to be mean. i was helping you out.",0.4166666666666667,0.0,0.0,0.0,0.0,0.0,0.5833333333333334,0
"pontoon boat ride today on lake dillon. if the rain stays away. if it's raining. today may be a good nap day.",0.0,0.3333333333333333,0.2857142857142857,0.0,0.0,0.0,0.3809523809523809,1
"full length check for the castor oil challenge which will begin tomorrow-- .",0.0,0.0,0.631578947368421,0.0,0.0,0.0,0.3684210526315789,1
"i miss when the only drama in my life was between and i when we fought over who was going to be joe jonas' girlfriend .",0.15789473684210525,0.0,0.0,0.0,0.0,0.0,0.8421052631578947,1
"we debuted in march '96 (we're 18) with purity. hope in a jar. amazing grace. kiss me. shelter &amp; the coloring book #triviatuesday #philobday .",0.3043478260869565,0.0,0.0,0.08695652173913042,0.0,0.0,0.6086956521739131,1
"uh oh. *vibrates gently* .",1.0,0.0,0.0,0.0,0.0,0.0,0.0,0
"marriage lesson #9: be your spouse's number one fan! .",0.0,0.0,0.0,1.0,0.0,0.0,0.0,1
" holy shit b my boyfriend .",0.0,0.0,0.0,0.0,0.0,0.0,1.0,0
" i don't know how to inbox. i'm still learning how to tweet back and i have no idea what a retweet is....lol.",0.0,0.0,0.0,0.0,0.0,0.0,1.0,1
"sorry snap chat.. jk i'm really not .",0.0,0.0,0.75,0.0,0.0,0.0,0.25,0
"misgov turnt as fuck .",0.0,0.0,1.0,0.0,0.0,0.0,0.0,0
"anyone looking for hardcore work...you're looking in the wrong areas lol .",0.0,0.0,1.0,0.0,0.0,0.0,0.0,0
"everybody's tweeting positive things about h under #harrynobodycomparestoyou but i don't need to bc everyday i tweet about how amazing he is .",0.0,0.0,0.0,0.0,0.0,0.0,1.0,1
"family goals : happy halloween from gotham city!! .",0.0,0.0,0.0,0.0,0.0,0.0,1.0,1
"from yesterday. police chase hertford 'suspect' in helicopter... buttttt they had the wrong guy! bad or just funny? .",0.5,0.0,0.0,0.0,0.0,0.0,0.5,0
"my new favorite photographer: .",0.0,0.0,0.0,0.0,0.0,0.0,1.0,1
"be positive. think positive and live positive. a new day is always a promise of the best things to come.",0.0,0.0,1.0,0.0,0.0,0.0,0.0,1
"congrats on your first year! y'all are the best <happy> .",0.0,0.0,0.0,0.5,0.0,0.0,0.5,1
"but zayn being pakistani has never been an issue to me?? why do you all think that would've been an issue? cant see whats wrong with it .",0.0,0.0,0.0,0.0,0.5185185185185185,0.0,0.4814814814814815,1
" to flaunt them in front of everyone. lol.",0.0,0.0,0.0,0.0,0.0,0.0,1.0,1
" oh god i would have lost it .",0.0,0.0,0.0,0.0,0.0,0.0,1.0,0
"i lowkey lurk on your twitter like eveyday .",0.0,0.0,1.0,0.0,0.0,0.0,0.0,1
"being a recluse seems like it has a lot to offer. does anyone know where i can find a shack? .",0.0,0.0,0.0,0.0,0.17647058823529413,0.0,0.8235294117647058,0
"want the boy i like to sing walls to me so bad .",0.0,0.0,0.0,0.0,0.0,0.0,1.0,0
" what the fuck is the online trans community .",0.0,1.0,0.0,0.0,0.0,0.0,0.0,0
"all i really need is one chance. i swear you won't regret it.",0.0,0.0,0.0,0.0,0.0,0.0,1.0,1
"i am unashamed to say i have taken this pm off &amp; i'm sunbathing.",0.0,0.0,0.0,0.0,0.0,0.0,1.0,1
"i literally cannot get over it. lol i even talk myself through it before i call.",0.0,0.0,0.0,0.0,0.0,0.0,1.0,0
" wish i could've partied with him back then. <happy> #doobie .",0.0,0.0,0.0,0.1111111111111111,0.0,0.0,0.8888888888888888,1
"if she happy im happy even if it mean w/o me .",0.0,0.0,0.0,0.18181818181818185,0.0,0.0,0.8181818181818182,1
"every time i see mo on my tl now i'm just like mick oops. got eem! .",0.1176470588235294,0.0,0.0,0.0,0.0,0.0,0.8823529411764706,0
"#sagittarius gets very bored of the same old. same old. so know how to mix it up or get the fuck out.",0.0,0.0,0.08333333333333333,0.3333333333333333,0.0,0.0,0.5833333333333334,0
" uhuhuhuhuuuhuhuuuu beautiful rose wardo your love never wilted it survived the frostiest of times .",0.2857142857142857,0.2857142857142857,0.0,0.0,0.0,0.0,0.42857142857142855,1
"you spent your whole life looking for the truth. sometimes the truth just sucks.",1.0,0.0,0.0,0.0,0.0,0.0,0.0,0
"oh dang only 2 matching numbers .",0.0,0.0,0.0,0.0,0.0,0.0,1.0,0
" thanks that's why i found out his name .",0.5555555555555556,0.0,0.0,0.0,0.0,0.0,0.4444444444444444,1
"faults: ausmus. carrera. nathan .",0.0,0.0,0.0,0.0,0.0,0.0,1.0,0
" that's super dramatic i never had to do that last year .",0.0,0.0,0.0,0.0,0.0,0.0,1.0,0
"i've lost my christmas jumper oops<skeptical> .",0.0,0.0,0.0,0.0,0.0,0.0,1.0,0
"i kind of feel like hes purposely hiding the thigh tattoo i just wanna talk .",0.0,0.0,0.6875,0.0,0.0,0.0,0.3125,0
"i tried to know you. not my fault. i gave you the perfect in. you had my mind. it was there for the taking.",0.5,0.0,0.0,0.0,0.0,0.0,0.5,1
"my top 3 #lastfm artists: knife party (8). sunn o))) (7) &amp; death grips (7) .",0.0,0.0,1.0,0.0,0.0,0.0,0.0,1
"fuck off with your eastenders shit .",0.0,0.0,0.0,1.0,0.0,0.0,0.0,0
" has she cut her hair for season 2 of finding carter? i think it was longer before. i love her hair right now.",0.0,0.0,0.0,0.0,0.0,0.0,1.0,1
"hate is your reward for our love .",0.0,0.0,0.0,0.16666666666666666,0.0,0.0,0.8333333333333334,0
"look forward. keep going don't loose sight of what's important to you and most of all be happy! ain't no stopping me! .",0.09523809523809523,0.0,0.0,0.14285714285714285,0.0,0.0,0.7619047619047619,1
"with the right focus. you'll be surprised what you can accomplish. the doors that you used to walk past that you should have peeked in .",0.0,0.35,0.0,0.0,0.0,0.0,0.65,1
"i'm up for an adventure today .",0.0,0.0,0.0,0.0,0.0,0.0,1.0,1
" sorry. this is copyrighted.",0.0,0.0,0.0,0.0,0.0,0.0,1.0,1
"honestly fuck umi i am so fucking tired of getting sr umi's give me someone other than umi fuck u love live .",0.0,0.0,0.0,0.0,0.0,0.0,1.0,0
" if the engine light hadn't come on on my car i'd offer to drive but can't risk it really .",0.0,0.0,0.0,0.0,0.0,0.0,1.0,0
"i feel that bad about not feeding our hens corn that i looked up a hen's memory span to see how long it'll be before they forget .",0.0,0.0,0.1111111111111111,0.0,0.0,0.0,0.8888888888888888,1
"let your hopes. not your hurts. shape your future.",0.0,0.0,0.0,0.0,0.0,0.0,1.0,1
" yeah they good .",0.0,0.0,1.0,0.0,0.0,0.0,0.0,1
"starchy foods compromise your thinking patterns .",0.0,0.0,0.0,0.0,0.0,0.0,1.0,0
"if you're a father. your kids come before your girlfriend. not fucking difficult if you ask me .",0.0,0.0,1.0,0.0,0.0,0.0,0.0,0
"do i miss you? yes .",0.0,0.0,0.0,0.0,0.0,0.0,1.0,1
" this made me die a little inside.",1.0,0.0,0.0,0.0,0.0,0.0,0.0,0
"but fr i miss .",0.0,0.0,1.0,0.0,0.0,0.0,0.0,0
"enjoying the exhibitions and music this afternoon <happy> .",0.0,1.0,0.0,0.0,0.0,0.0,0.0,1
"i miss him sooo much. but i know he don't give two shits about me... i wish i had you still.. but i need to get over you it sucks .",0.06451612903225806,0.0,0.0,0.0,0.0,0.0,0.935483870967742,0
"the real question is would gaara wear those gross goth clothes from hot topic .",0.0,0.0,0.0,0.0,0.0,0.0,1.0,0
" i'm honestly okay with jv on the dl..our rotation is doing fantastic .",0.0,0.0,0.0,0.0,0.0,0.0,1.0,1
"i didn't get much of a childhood. so for sage i will do all i can to keep the magic on this brutal world for as long as i can.",0.0,0.0,0.6521739130434783,0.0,0.0,0.0,0.3478260869565217,0
"look how pretty this dress is i'm crying .",0.0,0.0,0.25,0.125,0.0,0.0,0.625,0
" just dropping into your mentions to say that ive been jamming to everything on your sc for the past half hour or so!!! so good .",0.0,0.0,0.0,0.0,0.0,0.0,1.0,1
"they were in a band for five years and now suddenly zayn basically slaps louis in the face over twitter amazing .",0.0,0.6,0.0,0.0,0.0,0.0,0.4,1
"a life spent making mistakes is not only more honorable. but more useful than a life spent doing nothing. -- george bernard shaw .",0.0,0.0,0.5,0.0,0.0,0.0,0.5,1
"i'd be more excited to leave school if i had a clue what i'll be doing next year .",0.0,0.0,0.0,0.0,0.0,0.0,1.0,1
" watched a few of them walk around the store. get tired and one literally said fuck this. i'm just gettin a scooter .",0.047619047619047616,0.0,0.0,0.5238095238095238,0.0,0.14285714285714285,0.2857142857142857,0
" loved u on jingleball. hope my first concert is yours. bangerz tour 2014 whooooo .",0.0,0.0,0.0,0.0,0.0,0.0,1.0,1
"but that does not mean i hate to be complimented .",0.0,0.0,0.0,0.0,0.0,0.0,1.0,0
"hey. hey. you're awesome. just thought you ought to know.",0.0,0.0,0.4,0.0,0.0,0.0,0.6,1
"my cat constantly has to wait for me to get out of the shower &amp; screams.",0.0,0.0,0.0,0.0,0.0,0.0,1.0,0
"i am pretty sure everyone is waiting for yoongi to sing .",0.0,0.0,0.0,0.0,0.0,0.0,1.0,1
" i take it off even for hand sanitizer lol. i'm just a little anal about it. whatever. lol.",0.0,0.0,0.0,0.5625,0.0,0.0,0.4375,1
"just got a surge in followers related to #food. #travel and #wine. umm all my favorite things. let's all be best friends.",0.4090909090909091,0.0,0.0,0.4545454545454545,0.0,0.0,0.13636363636363635,1
"hopefully i get them keys this week .",0.0,0.0,0.0,0.0,0.0,0.0,1.0,1
" ty for share. the corruption. like most for pols butts right up against moral line. i just don't think it will damage her.",0.0,0.0,0.5263157894736842,0.0,0.0,0.0,0.4736842105263158,1
"if you are still undecided. try to see whose policies you really support without the distraction of lies and propaganda.",0.0,0.0,0.0,0.15789473684210525,0.0,0.0,0.8421052631578947,1
"one day everything is peace .",0.0,0.0,0.0,0.0,0.0,0.0,1.0,1
"thank god the weather is changing a bit. less humid#kidsrecess .",0.875,0.0,0.0,0.125,0.0,0.0,0.0,1
" that's such a good look .",0.0,0.0,0.0,0.0,0.0,0.0,1.0,1
"just wow. incredibly wow.",0.0,0.0,0.0,0.0,0.0,0.0,1.0,1
"google searching skeletons posing is bringing me more joy than i thought it would.",0.0,0.6153846153846154,0.0,0.0,0.0,0.0,0.38461538461538464,1
"interesting pictures from the past: .",0.0,0.0,0.0,0.0,0.0,0.0,1.0,1
"india won cricket match against pak yesterday but pak won our hearts when it released 172 indian fishermen as goodwill gesture.",1.0,0.0,0.0,0.0,0.0,0.0,0.0,1
" good thing you're the adult .",0.0,0.0,0.0,0.0,0.0,0.0,1.0,1
" you called me a human. you have this weird aura ruminating from you. and you're kinda forcing that smile there man.",0.4545454545454545,0.0,0.0,0.0,0.0,0.0,0.5454545454545454,0
"gratitude 4  mt fav &gt;  .",0.0,0.0,0.0,0.0,0.0,0.0,1.0,1
"lane closures at federal blvd/16th ave. begin today for pipeline relocation. delays in area thru oct. 26: .",0.0,0.0,1.0,0.0,0.0,0.0,0.0,1
"though i must confess i like a lot the plot of china doll - the decision... to marry. a plane as wedding present. and the play cute title.",0.0,0.0,1.0,0.0,0.0,0.0,0.0,1
"beautiful. #sieff #photography .",0.0,0.0,0.0,0.0,0.0,0.0,1.0,1
"google can't even help you look for a good personality to replace that ugly one.! .",0.0,0.0,0.0,0.0,0.0,0.0,1.0,0
"be strong enough to let go. be wise enough to know when to do so .",0.0,0.0,0.0,0.0,0.0,0.0,1.0,1
" mine will be echo danger (gender neutral) &amp; poker legend doyle brunson (also gender neutral) .",0.0,0.0,0.0,0.0,0.0,0.0,1.0,1
"what a great night! thank you to everyone that came out to support for mayor! so proud to live in this city! we can do this! .",0.8181818181818182,0.0,0.0,0.0,0.0,0.0,0.18181818181818185,1
" chill on coupe lol he coming up in the rap game just wait on it .",0.0,0.0,0.0,0.26666666666666666,0.0,0.7333333333333333,0.0,1
" thank you x .",0.0,0.0,0.0,0.0,0.0,0.0,1.0,1
" indeed picture perfect selfie of perfect girl .",0.0,0.0,0.0,1.0,0.0,0.0,0.0,1
"on a comedy show.",0.0,0.0,0.0,0.0,0.0,0.0,1.0,1
"something tells me is quite excited to get back on't hallowed turf today. let's finish pre-season with a goal <happy> #twitterclarets .",0.0,0.0,0.0,0.18181818181818185,0.0,0.045454545454545456,0.7727272727272727,1
" true it's just one thing we can control and just ditch the circus let him be somebody else problem .",0.0,0.0,0.0,0.0,0.0,0.0,1.0,0
" my worst christmas was the one where i listened to the jeff vibbert podcast at .",0.6153846153846154,0.0,0.0,0.0,0.0,0.0,0.38461538461538464,0
" lots of good stuff at .",0.0,0.0,0.0,0.0,0.0,0.0,1.0,1
"all they got all fancy just to lose #fuckunc #dukevsunc .",0.0,0.0,1.0,0.0,0.0,0.0,0.0,0
" no problem w entrepreneurship. but wonder if protections exist for tweeps who assume they convo w person? .",0.0,0.0,0.0,0.08695652173913042,0.0,0.0,0.9130434782608696,0
"i missed my fam <love> it was good seeing them .",0.0,0.0,0.0,0.2222222222222222,0.0,0.0,0.7777777777777778,1
"but it's like my side to the story. i guess.",0.0,0.0,0.0,0.0,0.0,0.0,1.0,1
"the beach this morning. #inspiration .",0.0,0.0,0.0,0.0,0.0,0.0,1.0,1
"2015 can be a wonderfully fantastic year for you. but you may have to do what you've never done and go where you've never gone to get there .",0.0,0.5172413793103449,0.0,0.0,0.0,0.0,0.4827586206896552,1
"taking a deep breathe knowing each day is getting harder but not giving up and not losing hope. i can't! i believe in our love to much.",0.0,0.0,0.72,0.0,0.0,0.0,0.28,0
"hopefully gets that nxt stream up and running again .",0.0,0.0,1.0,0.0,0.0,0.0,0.0,1
" *when eating alone .",0.0,0.0,0.0,0.0,0.0,0.0,1.0,0
" inspirational gavin. wow! <happy> .",1.0,0.0,0.0,0.0,0.0,0.0,0.0,1
"it's so windy out that we're gonna get our house stuck in tornadoes and end up in hell (kansas) .",0.4782608695652174,0.0,0.0,0.0,0.0,0.0,0.5217391304347826,0
"goodnight jamba friendsss . pag tpos ba ng feb 13. eh feb 15 yung ksunod? hahahaha .",0.0,0.0,0.0,0.0,0.0,0.0,1.0,1
"this pisses me off .",0.0,0.0,0.0,1.0,0.0,0.0,0.0,0
"jlo better come out half dressed by ten or i'm shutting off the #grammyawards and putting on #bettercallsaul #amc .",0.0,0.0,1.0,0.0,0.0,0.0,0.0,0
"elia on holland's preliminary list: saints winger eljero elia could be on the verge of playing for hollan...",0.0,0.0,0.0,0.0,0.0,0.0,1.0,1
"knowing me i'll probably try to throw one &amp; it won't curve.",0.0,0.0,0.0,0.0,0.0,0.0,1.0,1
" there's nothing inherently wrong with anger. there's nothing inherently right about tolerance.",0.0,0.0,0.0,0.0,0.0,0.0,1.0,1
"i love female artists. in the past. female expression was frowned upon in almost every culture &amp; believe it or not we're still the underdog.",0.0,0.0,1.0,0.0,0.0,0.0,0.0,1
"i so can't handle pll and suits coming back! i'm so excited that i don't even care about my last paper aha .",0.0,0.0,0.0,0.0,0.0,0.0,1.0,1
"beauty is the beauty that her mother gave her.",0.5714285714285714,0.0,0.0,0.0,0.0,0.0,0.42857142857142855,1
"haha ew so if i'm not mistakin' i was pretty lesbian last night lol. ugh .",0.0,0.0,0.0,0.0,0.0,0.0,1.0,1
" please omg you dont wanna see anything i did thats older than like 2 years .",0.0,0.0,0.0,0.125,0.0,0.0,0.875,1
"encourage your child to be creative in the way they see society and their role in society.",0.0,0.0,0.7,0.3,0.0,0.0,0.0,1
"i have a terrible case of wanderlust. #flymetothemoon #tolkien .",0.0,0.0,0.0,0.0,0.0,0.0,1.0,0
"i put her in the water and she didn't like it one bit lol .",0.42857142857142855,0.0,0.0,0.0,0.0,0.0,0.5714285714285714,0
"i won't give in first this time...",0.0,0.0,0.0,0.0,0.0,0.0,1.0,1
": you talking about lack of brain skills yet you are a feminist. that's funny .",0.0,0.0,0.0,0.0,0.0,0.0,1.0,0
"is it just me or cal seems kind of scared of jiaying? he looked slightly terrified when she hugged him.",0.2222222222222222,0.0,0.0,0.0,0.0,0.0,0.7777777777777778,0
" hahahaha oo nga!! swerte nya talaga kay adam huhu .",0.0,0.0,0.0,1.0,0.0,0.0,0.0,1
"all i know is. if you didn't give me some kind of attention this weekend then you no longer have any importance/priority in my life.",0.0,0.0,0.0,0.0,0.0,0.0,1.0,0
" that's because no one can read your mind lol .",0.0,0.0,0.8,0.0,0.0,0.0,0.2,1
"irish research council employment-based postgrad scheme launched today. well done kate and . huge achievement.",1.0,0.0,0.0,0.0,0.0,0.0,0.0,1
"are you proud of your schools nutrition services? .",0.0,0.0,0.0,0.0,0.0,0.0,1.0,0
"today stats: 5 followers. one unfollower and followed 2 people via .",1.0,0.0,0.0,0.0,0.0,0.0,0.0,1
" im just kidding .",0.0,0.0,0.0,0.0,0.0,0.0,1.0,1
"rlly upset cos i cant listen to crave u// flight facilities in the same way bc it gave me a bad trip once and is now forever ruined .",0.7692307692307693,0.0,0.0,0.0,0.0,0.0,0.2307692307692308,0
"i come to you this afternoon to share something with you.. i can't take the credit.. this goes to my coach...",0.2272727272727273,0.0,0.0,0.0,0.0,0.0,0.7727272727272727,1
"life is like a yoyo. you have your ups and downs but you keep moving on. no slowing down.",0.2,0.0,0.8,0.0,0.0,0.0,0.0,1
" #your captain is awesome .",0.0,0.0,1.0,0.0,0.0,0.0,0.0,1
"beard has been trimmed very short. now to grow it back all nice and even .",0.0,0.0,0.0,0.0,0.0,0.0,1.0,1
"come on let me take you for a ride #fifthharmony #theyretheone  .",0.0,0.0,0.0,1.0,0.0,0.0,0.0,1
"that was nice .",0.0,0.0,0.0,0.0,0.0,0.0,1.0,1
" the most man-hating women i've ever met were anti-feminists. they tend to have very low opinions of men.",0.0,0.0,0.0,0.0,0.0,0.0,1.0,0
"conversations could feel challenging over the next few days. be clear with yourself about your position then keep it simple. #newperspective .",0.0,0.0,0.0,0.55,0.0,0.0,0.45,1
" smile girl cuz tomorrow is friday.",0.0,0.0,1.0,0.0,0.0,0.0,0.0,1
"oprah has fallen in love with common .",0.0,0.0,0.0,0.0,0.0,0.0,1.0,1
" lmao suuuuure &gt;:3 .",0.0,0.0,0.0,0.0,0.0,0.0,1.0,0
"i can't express how amazing this weekend is gonna be .",0.0,0.0,0.0,0.0,0.0,0.0,1.0,1
" just played with my ear for awhile .",1.0,0.0,0.0,0.0,0.0,0.0,0.0,0
"hopefully i'll be able to stay awake for the rest of this pens game... my eyes are starting to get droopy.",0.2857142857142857,0.0,0.0,0.047619047619047616,0.0,0.0,0.6666666666666666,0
" tu terlebih rude kn.",0.0,0.0,0.0,1.0,0.0,0.0,0.0,0
" did you also know he lost 3-0 but both sets of fans cheered his name? #fifafacts .",0.7142857142857143,0.0,0.0,0.0,0.0,0.0,0.2857142857142857,1
"like doesn't she know i saw it .",0.42857142857142855,0.0,0.0,0.0,0.0,0.0,0.5714285714285714,1
" his arms (legs) look weird...",0.0,0.0,0.0,0.0,0.0,0.0,1.0,0
"feeling mad anxious...! urrgggh! .",0.0,0.0,0.0,0.0,0.0,0.0,1.0,0
"and so begins the work to bring about #change love it! .",0.0,0.0,1.0,0.0,0.0,0.0,0.0,1
"i am so happy to be here .",0.0,0.0,0.0,0.0,0.0,0.0,1.0,1
"#pisces: why youre the best option you take will also be very certain and very sure their partner is the right one.",0.0,0.0,0.0,0.2222222222222222,0.0,0.0,0.7777777777777778,1
" bby. yes you are. you're lovely.",0.0,0.0,1.0,0.0,0.0,0.0,0.0,1
"i miss muse so much.",0.0,0.0,0.0,0.0,0.0,0.0,1.0,1
" what? you winked at that bitch so. i decided to talk to him..is that a problem?! she was confused when he jerked her away .",0.8095238095238095,0.0,0.0,0.0,0.0,0.0,0.19047619047619047,0
" oh sorry but the gap does?? .",0.0,0.0,0.0,0.0,0.0,0.0,1.0,0
"t.i. having feature these days mean he going to be rapping like benjamin button.",0.0,0.0,0.0,0.0,0.0,0.0,1.0,1
"seeing the people i care about happy makes me optimistic that this pain &amp; sorrow can't last forever .",0.0,0.0,0.0,0.0,0.0,0.0,1.0,1
"#cancer: whether good or bad. they don't appreciate you coming in the room disturbing them.",0.0,0.0,0.0,0.0,0.0,0.0,1.0,0
" as she said that. ryuji only became even more worried. ...huh...? .",0.6,0.0,0.0,0.0,0.0,0.4,0.0,0
"seeing my counselor always makes me feel like i'm in trouble &amp; smart at the same time .",0.0,0.29411764705882354,0.5882352941176471,0.0,0.0,0.0,0.1176470588235294,0
" i played the demo on xbl. what are the artifacts do/how do you use them? #ffxiii2 .",0.4,0.0,0.0,0.26666666666666666,0.3333333333333333,0.0,0.0,1
" i got amazing news!!!! you have to hear this .",0.5,0.0,0.0,0.0,0.0,0.0,0.5,1
"holy crap. where's waldo? is 25 years old. i feel old. #timeflies .",0.0,0.0,0.0,0.0,0.0,0.0,1.0,0
" you realize you're backing the wrong horse. he's a phony. in this era. can't answer the evolution ? .",0.0,0.0,0.5,0.0,0.0,0.0,0.5,0
" positive news #diepflap #breastreconstruction #microsurgeon #breastcancer .",0.0,0.0,0.0,0.0,0.0,0.0,1.0,1
" you can meet my mop and we just met. calm down i suggest .",0.25,0.0,0.0,0.25,0.0,0.0,0.5,1
"if you ever think i hate religions in general. i don't. i just hate this.",0.0,0.0,0.5625,0.0,0.0,0.0,0.4375,0
" even worse. they gave my grandma a small one to take home and we kids loved playing with it by blowing on it.",0.5263157894736842,0.0,0.4736842105263158,0.0,0.0,0.0,0.0,0
"japanese zoo very sorry after naming baby monkey after newborn princess charlotte .",0.0,0.0,1.0,0.0,0.0,0.0,0.0,1
" got a 3 hour accounting class. kill me .",0.0,0.0,0.75,0.25,0.0,0.0,0.0,0
"i was so happy just 3 days ago??? .",0.0,0.0,0.0,0.0,0.0,0.0,1.0,0
"kalamazoo telegraph newspaper 3/8/1905 .",1.0,0.0,0.0,0.0,0.0,0.0,0.0,0
" i'm glad you enjoyed it! <happy> .",0.0,0.0,0.0,0.0,0.0,0.0,1.0,1
" i agree and thats stupid as word 2003 and even word 2000 are fine. i use word 2003 and i am very happy with it.",0.0,0.0,0.0,0.0,0.0,0.0,1.0,1
" if we don't raise taxes. how can we afford to pay the bills? you either cut spending or increase revenue (raise taxes).",0.16,0.0,0.0,0.16,0.0,0.0,0.68,0
" no please dont ilysm .",0.0,0.0,0.0,1.0,0.0,0.0,0.0,0
" lmfaaao i'm serious man but you going to schoo tomorrow ? .",0.0,0.0,0.0,0.0,0.0,0.0,1.0,1
"i give up. i can't do this to myself anymore. it'll just hurt me even more...",0.0,0.0,0.0,0.0,0.0,0.0,1.0,0
"i know the stinking malice of seeking to label professional women mentally ill rather than treat them as equals and professional.",0.0,0.0,1.0,0.0,0.0,0.0,0.0,0
" also hey soos. i'm glad you're safe ya big lug <love> .",0.0,0.0,1.0,0.0,0.0,0.0,0.0,1
"thanks for all the likes sidewinders55567 .",0.0,0.0,0.0,0.0,0.0,0.0,1.0,1
" i didn't fuck up once.",0.0,0.0,0.0,0.0,0.0,0.0,1.0,0
"the most terrifying thing is to accept oneself completely .",0.0,0.0,0.0,0.0,0.0,0.0,1.0,0
"shit. i feel a poem coming on.",0.0,0.0,1.0,0.0,0.0,0.0,0.0,1
"how can you move faster than possible...fight longer than possible...without the most powerful impulse of the spirit? the fear of death.",0.0,0.0,1.0,0.0,0.0,0.0,0.0,1
"friends are not needed trust me on that .",0.0,0.0,0.0,0.5,0.0,0.0,0.5,0
"dude playing football in the rain fuck yes .",0.0,0.0,1.0,0.0,0.0,0.0,0.0,1
" that makes sense. when i lived in az i often wanted to sleep on the cool tiles instead of in bed.so hot! .",0.0,0.0,0.0,0.0,0.0,0.0,1.0,1
" during school at my advisory. i jumped up and down and danced in front of my friends hahaha .",1.0,0.0,0.0,0.0,0.0,0.0,0.0,1
" get a mangrate .",0.0,0.0,1.0,0.0,0.0,0.0,0.0,1
"free bc i had good day <happy> .",0.0,0.0,0.0,0.0,0.0,0.0,1.0,1
" anyways i'm never going to use the phrases beep boop into the grave .",0.0,0.0,0.0,0.0,0.0,0.0,1.0,0
" #oak has to be a better job than the jets job. because there's a qb in place. who is geno smith? .",0.0,0.0,0.0,0.0,0.0,0.0,1.0,0
" haha doesn't everybody haha .",0.0,0.0,0.0,0.0,0.0,0.0,1.0,0
"nearly everyone you meet has something fascinating to share. d... more for scorpio .",0.0,0.0,1.0,0.0,0.0,0.0,0.0,1
"my last . i hate twitter. bye forever.",0.0,0.0,0.0,0.0,0.0,0.0,1.0,0
" people complaining. and i'm like: um. that's not the actual poster.",0.0,0.0,0.15384615384615385,0.0,0.0,0.0,0.8461538461538461,0
"start and end your day... please  #2thank .",0.0,0.0,0.0,1.0,0.0,0.0,0.0,1
"two men who opened fire outside muhammad cartoon contest shot. killed by police .",1.0,0.0,0.0,0.0,0.0,0.0,0.0,0
"stop being such a little bitch! your a grown ass man.",0.0,0.0,0.0,1.0,0.0,0.0,0.0,0
"it does not matter how slowly you go as long as you do not stop. fall down seven times - get up eight.",0.0,0.0,0.0,0.3181818181818182,0.0,0.0,0.6818181818181818,1
"yanagi might get her wish haha! .",0.0,0.0,0.0,0.0,0.0,0.0,1.0,1
" //that's fine. a lot of the girls are but i'll use yiu the most soo :3 .",0.0,0.0,0.0,0.0,0.0,0.0,1.0,1
"even though its still december lol .",0.0,0.0,0.0,0.0,0.0,0.0,1.0,1
" absolutely. love that! <happy> .",0.0,0.0,0.0,0.0,0.0,0.0,1.0,1
"the allure of the fiery nature of fall .",0.0,0.0,0.0,0.0,0.0,0.0,1.0,0
"without being aware and experiencing the ways of thought. love cannot be. j. krishnamurti .",0.0,0.0,1.0,0.0,0.0,0.0,0.0,1
"wish i had been in #yeg for #walrustalks to hear all this good medicine.",0.0,0.0,0.0,0.0,0.0,0.0,1.0,1
"kaylas my pet. but that doesn't mean she can't have a pet of her own haha! .",0.0,0.0,0.0,0.16666666666666666,0.0,0.0,0.8333333333333334,1
"#sagittarius are very private people. even if they trust you. they may not let you in.",0.0,0.0,0.6,0.0,0.0,0.0,0.4,1
"i don't know how many are on but the art show was really good! props to  .",0.0,0.0,0.0,0.0,0.0,0.0,1.0,1
"but do muslims allow women to practice these rights? .",0.0,0.0,1.0,0.0,0.0,0.0,0.0,1
"people don't take depression seriously and that make me so fucking mad. she uses the word depressed like it's noting.",0.2380952380952381,0.0,0.0,0.0,0.0,0.0,0.7619047619047619,0
"i want to stop caring .",0.0,0.0,0.0,0.0,0.0,0.0,1.0,0
"omg this can't be the #freshofftheboat finale! we want more!! it feels like the episodes went by so fast.",0.7647058823529411,0.0,0.0,0.0,0.0,0.0,0.2352941176470588,1
"abled + cis privilege imposes the passing privilege concept on disabled + trans ppl. cis privilege imposes socialised m/f on trans ppl.",0.0,0.0,0.6363636363636364,0.0,0.0,0.0,0.3636363636363637,1
" happy birthday girl! .",0.0,0.0,0.0,1.0,0.0,0.0,0.0,1
"mornings when i wake up in horrible moods. i run through a quick list of everything i have to be thankful for. then i'm good to go.",0.27586206896551724,0.0,0.0,0.0,0.0,0.0,0.7241379310344828,1
"if i see food on my timeline i'm literally going to puke .",0.0,0.0,0.0,0.0,0.0,0.0,1.0,0
"farage may be about to quit. but in his recent history he's successfully changed british politics. a sad. sad reflection of the day #ge2015 .",0.9166666666666666,0.0,0.08333333333333333,0.0,0.0,0.0,0.0,0
" no.. lol by your school .",0.0,0.0,0.0,0.0,0.0,0.0,1.0,0
"home opener. know nothing about sports so asking fun questions such as. why does everyone get so excited when there is no real hope? .",0.0,0.0,0.0,0.05555555555555555,0.0,0.0,0.9444444444444444,0
"although the future should be a logical extension of the past.... more for taurus .",0.0,0.0,0.0,0.0,0.0,0.0,1.0,1
"feelin super alone right now in almost every way <skeptical> .",0.0,0.0,0.0,0.0,0.0,0.0,1.0,1
"if #israel says it will complete destruction of #hamas tunnels within hours. did it come across a map showing it's got them all? #gaza .",0.0,0.0,0.1851851851851852,0.0,0.4444444444444444,0.0,0.3703703703703704,0
"pro 20:15 drinking from the beautiful chalice of knowledge is better than adorning oneself with gold and rare gems.",0.0,0.0,1.0,0.0,0.0,0.0,0.0,1
" love u ok .",0.0,0.0,0.0,1.0,0.0,0.0,0.0,1
"great way.to.start my.day out listening.to  .",0.0,0.0,1.0,0.0,0.0,0.0,0.0,1
"i have a ton of picture frames for my room. your average girl would put her bf in every frame. but i'm banking on some head shots of my cat.",0.0,0.3333333333333333,0.0,0.0,0.0,0.0,0.6666666666666666,1
" and i on our way to #thepasendaplayhouse to watch #sleepingbeauty with #oliviaholt. #excited .",0.0,0.0,0.0,0.0,0.0,0.0,1.0,1
"have to smile thersea may in a red outfit some one remnd her shes a tory either that or its a p1ss take <sad> .",0.0,0.0,0.08333333333333333,0.0,0.0,0.0,0.9166666666666666,1
"happy it is friday. ready for a productive day at work! #selfie .",0.0,0.0,0.0,0.0,0.0,0.0,1.0,1
" awesome !!!!!! now you guys can talk ! .",0.0,0.0,0.0,0.0,0.0,0.0,1.0,1
"even though i dislike joan rivers for the things she has said in the past. death should not be wish upon anyone.",0.0,0.0,0.0,0.0,0.0,0.0,1.0,1
"stay in the water longer with the new hurley phantom wetsuit. less weight. more warmth. shop now .",0.0,0.0,0.0,0.0,0.0,0.0,1.0,1
"life is about passing. scoring. playing defense. and rebounds. #truth .",0.0,0.0,1.0,0.0,0.0,0.0,0.0,1
"my freaking emotions hsifh .",0.0,0.0,0.0,0.0,0.0,0.0,1.0,0
"ppl swear like them saying they hate one direction will make them better? or make other ppl like them? .",0.21052631578947367,0.0,0.0,0.0,0.0,0.05263157894736842,0.7368421052631579,0
" just keep following that path and i think you get to the swan street intersection then follow the crowd .",0.0,0.0,0.0,0.3333333333333333,0.0,0.0,0.6666666666666666,1
"be happy. <happy> working out releases happy endorphins. come in for class this morning to get those endorphins going.",0.0,0.0,1.0,0.0,0.0,0.0,0.0,1
" i think you should get the hell out of my life and leave the boys alone or i'll kill you .",0.0,0.0,0.0,0.0,0.2631578947368421,0.0,0.7368421052631579,0
"i really need a lap top ... like now . i would feel so much better knowing i have everything on my own computer .",0.0,0.0,0.3636363636363637,0.0,0.0,0.0,0.6363636363636364,1
"we took a giant production staff picture today. i look forward to dreading it.",0.6153846153846154,0.0,0.0,0.0,0.0,0.0,0.38461538461538464,1
"the beauty of this life is beyond what is natural to the eye .",0.0,0.0,0.0,0.0,0.0,0.0,1.0,1
"i tightened my leather jacket a bit as i felt a little colder outside from prolonged sitting. the warming balance of once hot coffee fading.",0.29411764705882354,0.0,0.0,0.0,0.0,0.0,0.7058823529411765,1
"the fact that yall black people think rick ross calling africa a country is funny is sad. he is making a mockery of your history and his! .",0.375,0.0,0.5,0.0,0.0,0.0,0.125,0
"if you stole someone girlfriend .",0.0,0.0,0.0,0.0,0.0,0.0,1.0,0
"what the hell? who tested this and why? .",1.0,0.0,0.0,0.0,0.0,0.0,0.0,0
" how do you plan to safely dispose of your compact florescent bulbs? what is the safest way? (we have lots too).",0.0,0.0,0.0,0.0,0.0,0.0,1.0,1
"#snoopdogg stars in campaign to fight gun violence .",1.0,0.0,0.0,0.0,0.0,0.0,0.0,1
"hate when i can never decide what i wanna eat. but i think it's gonna end up being chinese tonight. bourbon chicken w/broccoli.... ftw! .",0.0,0.0,0.0,0.047619047619047616,0.0,0.0,0.9523809523809524,0
"you appreciate the light. the darker your life has been...",0.0,0.0,0.0,0.0,0.0,0.0,1.0,1
"good lord burns is driving quite fast to get to the westcott on time for  .",1.0,0.0,0.0,0.0,0.0,0.0,0.0,1
" got. the acceptance offer crap right .",0.2857142857142857,0.0,0.0,0.0,0.0,0.0,0.7142857142857143,0
"i have a bit of an obsession with lemon water .",1.0,0.0,0.0,0.0,0.0,0.0,0.0,1
"for the longest time. i thought fall break is a week so i got all excited..",0.09090909090909093,0.0,0.0,0.0,0.0,0.0,0.9090909090909092,1
"how stupid i was to think u was different. i was so wrong was. despise u. hate u. can't stand u! #life #notalkingterms .",0.0,0.0,0.0,0.0,0.0,0.0,1.0,0
"good afternoon all! happy sunday!#everydayisablessing .",0.0,0.0,0.0,0.0,0.0,0.0,1.0,1
"yes we even play with clean diapers #singlemom #family .",0.0,0.0,1.0,0.0,0.0,0.0,0.0,1
"for once in this month i would like to sleep until my body tells me to wake up.",0.4444444444444444,0.0,0.0,0.0,0.0,0.0,0.5555555555555556,1
"with the support of my early morning gym family i was able to get my bench over 100 today!! finally starting to feel strong again! .",0.0,0.0,1.0,0.0,0.0,0.0,0.0,1
" ima send it to her lol .",0.0,0.0,1.0,0.0,0.0,0.0,0.0,1
"fri: well i still got tmrw .",1.0,0.0,0.0,0.0,0.0,0.0,0.0,1
" found nothing ? really ? damn. googles slacking .",0.0,0.0,0.0,0.0,0.0,0.0,1.0,0
" well come to twitter uday bhai .",0.0,0.0,0.0,0.0,1.0,0.0,0.0,1
"with the new day comes new strength and new thoughts. - eleanor roosevelt #quote #quoteoftheday .",0.0,1.0,0.0,0.0,0.0,0.0,0.0,1
" don't be jealous .",0.0,0.0,0.0,0.0,0.0,0.0,1.0,0
"how long does it take to niggas to hit the store &amp; back like come on yo i want my snacks .",0.0,0.0,0.19047619047619047,0.14285714285714285,0.0,0.0,0.6666666666666666,0
" kan <sad> sometimes i cannot smile without my braces. i looks weird. hahah .",0.0,0.0,0.0,0.0,0.0,0.0,1.0,0
". really?! you need to give tv series a chance to grow. you are sucky for canceling . #allegiance #allegiancenbc .",0.0,0.0,0.0,0.0,0.0,0.0,1.0,0
"another one of those octopus falling from the sky kind of nights...",0.0,0.0,1.0,0.0,0.0,0.0,0.0,0
"i love this ....and notice how they are actually more into each other as aging lovers than in the youthful...",0.0,0.0,1.0,0.0,0.0,0.0,0.0,1
"also thanks to all the smash fans that stopped by and nerded out about the pro smash scene. you guys are awesome. my wife doesn't get it.",0.8363636363636363,0.0,0.0,0.0,0.0,0.0,0.16363636363636366,1
"you would think someone would find a way to make the dmv a little more efficient so you don't have to wait hoursss .",0.0,0.0,0.0,0.0,0.0,0.0,1.0,1
"with the coen brothers at the helm &amp; that cast. hail ceaser is bound to be a hit. right? i'll just have to wait till 2016 to find out.",0.0,0.0,0.56,0.0,0.0,0.0,0.44,1
"as i'm on a run the same car and same guy drove past me slowly 3 times... like go home boy stop wasting gas boi .",0.4583333333333333,0.0,0.0,0.16666666666666666,0.0,0.0,0.375,1
" in a constant state of anxiety we tend to home in. however unconsciously on bad news accept all news is beyond our control.",0.0,0.0,0.2608695652173913,0.0,0.0,0.0,0.7391304347826086,0
"i'm sorry but i'm the type of girl you can compliment and i won't believe you. but you say something mean i will remember forever.",0.0,0.0,0.0,0.0,0.0,0.0,1.0,1
"knowing i have such a good lay in tomorrow is just so so good .",0.0,0.0,0.0,0.0,0.0,0.0,1.0,1
" exactly my point .",0.0,0.0,0.0,0.0,0.0,0.0,1.0,0
"baby lion ~ proud walk .",0.0,0.0,0.0,0.0,0.0,0.0,1.0,1
"he chuckled while pulling on kayla's leash come. to the study (dms) with you.",0.2222222222222222,0.0,0.7777777777777778,0.0,0.0,0.0,0.0,1
"despite all my sarcasm .",0.0,0.0,0.0,0.0,0.0,0.0,1.0,0
"they always look at my keys funny because i have a spine on my keyring .",0.0,0.4,0.0,0.0,0.0,0.0,0.6,1
"even a fool who keeps silent is considered wise; when he closes his lips. he is deemed intelligent. - proverbs 17:28 (esv).",0.2631578947368421,0.0,0.5789473684210527,0.0,0.0,0.0,0.15789473684210525,1
" di uyy!! si aileen un. ung mabantot na lechon kawali hahhahah .",0.0,0.0,0.0,1.0,0.0,0.0,0.0,0
" is this the missing 11th commandment .",0.0,0.0,0.0,0.0,0.0,0.0,1.0,0
" god forbid you talk to me again .",0.42857142857142855,0.0,0.0,0.5714285714285714,0.0,0.0,0.0,1
"sometimes. all i can do is laugh to keep myself from crying.",0.0,0.0,0.0,0.0,0.0,0.0,1.0,1
"prank call monday's!!! i'll prank call yo mamma just download percolate by catchy hooks on itunes. dm me your number.",0.0,0.0,0.0,0.3636363636363637,0.0,0.0,0.6363636363636364,1
" au gabon!!! #chevalelegantsanscerveau mdr .",0.0,0.0,0.0,0.0,0.0,0.0,1.0,0
"know yourself better before other gives you their description.",0.0,0.0,1.0,0.0,0.0,0.0,0.0,1
"i wouldnt want marijuana to be legalized cuz they'd probably stop selling that shit at 12 too #iwantbeerrightnow .",0.0,0.0,0.42105263157894735,0.0,0.0,0.0,0.5789473684210527,0
": why is it so easy to recognize the mistakes of others. but so difficult to see our own? .",0.0,0.0,0.0,0.0,0.0,0.0,1.0,0
"edward freaking james olmos on . this show just got 10 times better! #agentsofshield #commanderadamaforever  .",0.16666666666666666,0.0,0.8333333333333334,0.0,0.0,0.0,0.0,1
" maybe he's been trying to talk to her in a delicate way about it and she's been shutting him down.",0.0,0.0,0.0,0.0,0.0,0.0,1.0,0
"happy birthday to my sister in law! couldn't ask for a better family <happy> .",0.0,0.0,1.0,0.0,0.0,0.0,0.0,1
"sitting down to watch 's wagner &amp; me on netflix. it looks like it explores my own mixed feelings on the composer.",0.0,0.0,0.0,0.0,0.0,0.0,1.0,1
"the good and the bad.. i care to differentiate them..to learn..to understand how things really are! you're on my bad side now! u shud know! .",0.0,0.0,0.0,0.0,0.0,0.0,1.0,0
"way to win our first game whoohooooo .",0.0,1.0,0.0,0.0,0.0,0.0,0.0,1
"if i'm writing a review. i want it to send the tweet when i save the review. not before!  .",0.0,0.0,0.0,0.0,0.0,0.2777777777777778,0.7222222222222222,0
"bored... waiting on my car being serviced...",0.0,0.0,0.0,0.0,0.0,0.0,1.0,0
" make sure u do a 10.5 .",0.0,0.0,0.6666666666666666,0.3333333333333333,0.0,0.0,0.0,1
"reading comprehension ... i love you #upcat .",0.0,0.0,0.0,0.0,0.0,0.0,1.0,1
"getting such a bad cold... can i please stay in bed .",0.0,0.0,0.0,0.0,0.0,0.0,1.0,0
"psychology says - the key to accepting change is to let go of fear. you over think less once you've accepted that things change.",0.0,0.0,0.0,0.13043478260869565,0.0,0.0,0.8695652173913043,1
"yes nene you are a bad friend #rhoareunion #rhoa .",0.0,0.0,1.0,0.0,0.0,0.0,0.0,0
" still better than rule v draft tweets...",1.0,0.0,0.0,0.0,0.0,0.0,0.0,1
"never been more jealous of the people that have just met arians .",0.0,0.0,0.0,0.0,0.0,0.0,1.0,1
" i was measuring talent. and placing it on a relatable level .",0.9090909090909092,0.0,0.0,0.09090909090909093,0.0,0.0,0.0,1
"i really cannot figure out the kind of world we are living in. smh .",0.0,0.0,0.0,0.0,0.0,0.0,1.0,0
". i agree that's why i'm in favour of bringing down borders as opposed to erecting new ones. uk is all about working together .",0.14814814814814814,0.0,0.0,0.0,0.0,0.0,0.8518518518518519,1
"i am a weak and temporary creature. made out of mud and dreams.",0.0,0.0,1.0,0.0,0.0,0.0,0.0,0
" how perfect when sunscreen is her top beauty product! .",0.0,0.0,0.0,0.0,0.0,0.0,1.0,1
"do not spoil your child; spoiling your child is never a positive thing.",0.0,0.0,1.0,0.0,0.0,0.0,0.0,1
"lrt i hate moms .",0.0,0.0,0.0,1.0,0.0,0.0,0.0,0
" thats copyright im afraid im gonna have to arrest you under the charge of meddling with a perfect relationship .",0.0,0.0,0.0,1.0,0.0,0.0,0.0,1
"new blog post: #winterwoes: finding the bright side during dark days. it's there! #inspiration .",0.0,0.0,0.0,0.0,0.0,0.0,1.0,1
"advanced warfare road to a dna bomb #1: .",1.0,0.0,0.0,0.0,0.0,0.0,0.0,0
" hahahah yes. ive been lazy in saving photos though. however. i have a huge collection of his derp faces .",0.4,0.0,0.0,0.0,0.0,0.0,0.6,1
" u suck bitch don't u dare speak about him like that .",0.0,0.0,0.0,1.0,0.0,0.0,0.0,0
"#nascar late night working on . increasing odds of racing on sun from 50% to near 75% -threat of drizzle/rain diminishing .",0.5,0.0,0.0,0.0,0.0,0.0,0.5,0
"i'm sorry. but i will have to be missing school tomorrow on account of my post-show ending grief.",0.125,0.0,0.0,0.0,0.0,0.0,0.875,0
"my nose stuffy dena bitch .",0.0,0.0,0.0,0.0,0.0,0.0,1.0,0
